"Country/Area","Year","Unit","Population"
"Afghanistan","2014","Persons","32792523"
"Afghanistan","2015","Persons","33831764"
"Afghanistan","2016","Persons","34700612"
"Afghanistan","2017","Persons","35688935"
"Afghanistan","2018","Persons","36743039"
"Afghanistan","2019","Persons","37856121"
"Afghanistan","2020","Persons","39068979"
"Afghanistan","2021","Persons","40000412"
"Afghanistan","2022","Persons","40578842"
"Afghanistan","2023","Persons","41454761"
"Afghanistan","2024","Persons","42647492"
"Albania","2014","Persons","2903749"
"Albania","2015","Persons","2898632"
"Albania","2016","Persons","2897867"
"Albania","2017","Persons","2898242"
"Albania","2018","Persons","2894231"
"Albania","2019","Persons","2885010"
"Albania","2020","Persons","2871954"
"Albania","2021","Persons","2849635"
"Albania","2022","Persons","2827608"
"Albania","2023","Persons","2811655"
"Albania","2024","Persons","2791765"
"Algeria","2014","Persons","39205031"
"Algeria","2015","Persons","40019529"
"Algeria","2016","Persons","40850721"
"Algeria","2017","Persons","41689299"
"Algeria","2018","Persons","42505035"
"Algeria","2019","Persons","43294546"
"Algeria","2020","Persons","44042091"
"Algeria","2021","Persons","44761099"
"Algeria","2022","Persons","45477389"
"Algeria","2023","Persons","46164219"
"Algeria","2024","Persons","46814308"
"Andorra","2014","Persons","73737"
"Andorra","2015","Persons","72174"
"Andorra","2016","Persons","72181"
"Andorra","2017","Persons","73763"
"Andorra","2018","Persons","75162"
"Andorra","2019","Persons","76474"
"Andorra","2020","Persons","77380"
"Andorra","2021","Persons","78364"
"Andorra","2022","Persons","79705"
"Andorra","2023","Persons","80856"
"Andorra","2024","Persons","81938"
"Angola","2014","Persons","27160769"
"Angola","2015","Persons","28157798"
"Angola","2016","Persons","29183070"
"Angola","2017","Persons","30234839"
"Angola","2018","Persons","31297155"
"Angola","2019","Persons","32375632"
"Angola","2020","Persons","33451132"
"Angola","2021","Persons","34532429"
"Angola","2022","Persons","35635029"
"Angola","2023","Persons","36749906"
"Angola","2024","Persons","37885849"
"Anguilla","2014","Persons","13729"
"Anguilla","2015","Persons","14210"
"Anguilla","2016","Persons","14320"
"Anguilla","2017","Persons","14425"
"Anguilla","2018","Persons","14721"
"Anguilla","2019","Persons","14823"
"Anguilla","2020","Persons","14843"
"Anguilla","2021","Persons","14475"
"Anguilla","2022","Persons","14180"
"Anguilla","2023","Persons","14410"
"Anguilla","2024","Persons","14598"
"Antigua and Barbuda","2014","Persons","88765"
"Antigua and Barbuda","2015","Persons","89409"
"Antigua and Barbuda","2016","Persons","89969"
"Antigua and Barbuda","2017","Persons","90468"
"Antigua and Barbuda","2018","Persons","90926"
"Antigua and Barbuda","2019","Persons","91364"
"Antigua and Barbuda","2020","Persons","91846"
"Antigua and Barbuda","2021","Persons","92349"
"Antigua and Barbuda","2022","Persons","92840"
"Antigua and Barbuda","2023","Persons","93316"
"Antigua and Barbuda","2024","Persons","93772"
"Argentina","2014","Persons","43024071"
"Argentina","2015","Persons","43477012"
"Argentina","2016","Persons","43900313"
"Argentina","2017","Persons","44288894"
"Argentina","2018","Persons","44654882"
"Argentina","2019","Persons","44973465"
"Argentina","2020","Persons","45191965"
"Argentina","2021","Persons","45312281"
"Argentina","2022","Persons","45407904"
"Argentina","2023","Persons","45538401"
"Argentina","2024","Persons","45696159"
"Armenia","2014","Persons","2922422"
"Armenia","2015","Persons","2921177"
"Armenia","2016","Persons","2918793"
"Armenia","2017","Persons","2914963"
"Armenia","2018","Persons","2909965"
"Armenia","2019","Persons","2903972"
"Armenia","2020","Persons","2890892"
"Armenia","2021","Persons","2870349"
"Armenia","2022","Persons","2880874"
"Armenia","2023","Persons","2943393"
"Armenia","2024","Persons","2973840"
"Aruba","2014","Persons","103373"
"Aruba","2015","Persons","104184"
"Aruba","2016","Persons","104977"
"Aruba","2017","Persons","105731"
"Aruba","2018","Persons","106432"
"Aruba","2019","Persons","107076"
"Aruba","2020","Persons","107400"
"Aruba","2021","Persons","107558"
"Aruba","2022","Persons","107782"
"Aruba","2023","Persons","107939"
"Aruba","2024","Persons","108066"
"Australia","2014","Persons","23595601"
"Australia","2015","Persons","23948002"
"Australia","2016","Persons","24329963"
"Australia","2017","Persons","24731038"
"Australia","2018","Persons","25119706"
"Australia","2019","Persons","25482714"
"Australia","2020","Persons","25743791"
"Australia","2021","Persons","25956417"
"Australia","2022","Persons","26200984"
"Australia","2023","Persons","26451124"
"Australia","2024","Persons","26713205"
"Austria","2014","Persons","8547817"
"Austria","2015","Persons","8644039"
"Austria","2016","Persons","8737915"
"Austria","2017","Persons","8798778"
"Austria","2018","Persons","8841650"
"Austria","2019","Persons","8880876"
"Austria","2020","Persons","8921405"
"Austria","2021","Persons","8967057"
"Austria","2022","Persons","9064677"
"Austria","2023","Persons","9130429"
"Austria","2024","Persons","9120813"
"Azerbaijan","2014","Persons","9631138"
"Azerbaijan","2015","Persons","9752850"
"Azerbaijan","2016","Persons","9868428"
"Azerbaijan","2017","Persons","9968510"
"Azerbaijan","2018","Persons","10039784"
"Azerbaijan","2019","Persons","10110475"
"Azerbaijan","2020","Persons","10181730"
"Azerbaijan","2021","Persons","10234371"
"Azerbaijan","2022","Persons","10295304"
"Azerbaijan","2023","Persons","10318207"
"Azerbaijan","2024","Persons","10336577"
"Bahamas","2014","Persons","382298"
"Bahamas","2015","Persons","385346"
"Bahamas","2016","Persons","388055"
"Bahamas","2017","Persons","390485"
"Bahamas","2018","Persons","392717"
"Bahamas","2019","Persons","394675"
"Bahamas","2020","Persons","395863"
"Bahamas","2021","Persons","396373"
"Bahamas","2022","Persons","397538"
"Bahamas","2023","Persons","399440"
"Bahamas","2024","Persons","401283"
"Bahrain","2014","Persons","1312848"
"Bahrain","2015","Persons","1369650"
"Bahrain","2016","Persons","1429604"
"Bahrain","2017","Persons","1481995"
"Bahrain","2018","Persons","1497626"
"Bahrain","2019","Persons","1485670"
"Bahrain","2020","Persons","1483077"
"Bahrain","2021","Persons","1501764"
"Bahrain","2022","Persons","1533459"
"Bahrain","2023","Persons","1569666"
"Bahrain","2024","Persons","1607049"
"Bangladesh","2014","Persons","157964929"
"Bangladesh","2015","Persons","159383179"
"Bangladesh","2016","Persons","160811932"
"Bangladesh","2017","Persons","162186147"
"Bangladesh","2018","Persons","163523103"
"Bangladesh","2019","Persons","164913055"
"Bangladesh","2020","Persons","166298024"
"Bangladesh","2021","Persons","167658854"
"Bangladesh","2022","Persons","169384897"
"Bangladesh","2023","Persons","171466990"
"Bangladesh","2024","Persons","173562364"
"Barbados","2014","Persons","278348"
"Barbados","2015","Persons","278990"
"Barbados","2016","Persons","279598"
"Barbados","2017","Persons","280171"
"Barbados","2018","Persons","280711"
"Barbados","2019","Persons","281207"
"Barbados","2020","Persons","281698"
"Barbados","2021","Persons","282147"
"Barbados","2022","Persons","282318"
"Barbados","2023","Persons","282336"
"Barbados","2024","Persons","282467"
"Belarus","2014","Persons","9472708"
"Belarus","2015","Persons","9487293"
"Belarus","2016","Persons","9499064"
"Belarus","2017","Persons","9495790"
"Belarus","2018","Persons","9480031"
"Belarus","2019","Persons","9435419"
"Belarus","2020","Persons","9350944"
"Belarus","2021","Persons","9251365"
"Belarus","2022","Persons","9173237"
"Belarus","2023","Persons","9115680"
"Belarus","2024","Persons","9056696"
"Belgium","2014","Persons","11210119"
"Belgium","2015","Persons","11275335"
"Belgium","2016","Persons","11332701"
"Belgium","2017","Persons","11376581"
"Belgium","2018","Persons","11428605"
"Belgium","2019","Persons","11490618"
"Belgium","2020","Persons","11540107"
"Belgium","2021","Persons","11570844"
"Belgium","2022","Persons","11641820"
"Belgium","2023","Persons","11712893"
"Belgium","2024","Persons","11738763"
"Belize","2014","Persons","348923"
"Belize","2015","Persons","356333"
"Belize","2016","Persons","364705"
"Belize","2017","Persons","373202"
"Belize","2018","Persons","380226"
"Belize","2019","Persons","385829"
"Belize","2020","Persons","390812"
"Belize","2021","Persons","395346"
"Belize","2022","Persons","402733"
"Belize","2023","Persons","411106"
"Belize","2024","Persons","417072"
"Benin","2014","Persons","11030004"
"Benin","2015","Persons","11360681"
"Benin","2016","Persons","11697842"
"Benin","2017","Persons","12039780"
"Benin","2018","Persons","12383347"
"Benin","2019","Persons","12726755"
"Benin","2020","Persons","13070169"
"Benin","2021","Persons","13413417"
"Benin","2022","Persons","13759501"
"Benin","2023","Persons","14111034"
"Benin","2024","Persons","14462724"
"Bermuda","2014","Persons","63529"
"Bermuda","2015","Persons","63464"
"Bermuda","2016","Persons","63449"
"Bermuda","2017","Persons","63578"
"Bermuda","2018","Persons","63831"
"Bermuda","2019","Persons","64107"
"Bermuda","2020","Persons","64382"
"Bermuda","2021","Persons","64648"
"Bermuda","2022","Persons","64749"
"Bermuda","2023","Persons","64698"
"Bermuda","2024","Persons","64636"
"Bhutan","2014","Persons","733139"
"Bhutan","2015","Persons","740618"
"Bhutan","2016","Persons","747866"
"Bhutan","2017","Persons","754335"
"Bhutan","2018","Persons","759759"
"Bhutan","2019","Persons","764824"
"Bhutan","2020","Persons","770006"
"Bhutan","2021","Persons","775442"
"Bhutan","2022","Persons","780914"
"Bhutan","2023","Persons","786385"
"Bhutan","2024","Persons","791524"
"Bolivia (Plurinational State of)","2014","Persons","10848888"
"Bolivia (Plurinational State of)","2015","Persons","11014705"
"Bolivia (Plurinational State of)","2016","Persons","11180020"
"Bolivia (Plurinational State of)","2017","Persons","11344587"
"Bolivia (Plurinational State of)","2018","Persons","11508368"
"Bolivia (Plurinational State of)","2019","Persons","11671386"
"Bolivia (Plurinational State of)","2020","Persons","11816299"
"Bolivia (Plurinational State of)","2021","Persons","11937360"
"Bolivia (Plurinational State of)","2022","Persons","12077154"
"Bolivia (Plurinational State of)","2023","Persons","12244159"
"Bolivia (Plurinational State of)","2024","Persons","12413315"
"Bosnia and Herzegovina","2014","Persons","3564829"
"Bosnia and Herzegovina","2015","Persons","3518541"
"Bosnia and Herzegovina","2016","Persons","3473003"
"Bosnia and Herzegovina","2017","Persons","3428682"
"Bosnia and Herzegovina","2018","Persons","3387000"
"Bosnia and Herzegovina","2019","Persons","3345533"
"Bosnia and Herzegovina","2020","Persons","3299349"
"Bosnia and Herzegovina","2021","Persons","3244907"
"Bosnia and Herzegovina","2022","Persons","3204802"
"Bosnia and Herzegovina","2023","Persons","3185073"
"Bosnia and Herzegovina","2024","Persons","3164253"
"Botswana","2014","Persons","2172044"
"Botswana","2015","Persons","2203273"
"Botswana","2016","Persons","2234776"
"Botswana","2017","Persons","2266747"
"Botswana","2018","Persons","2299141"
"Botswana","2019","Persons","2332083"
"Botswana","2020","Persons","2365894"
"Botswana","2021","Persons","2401441"
"Botswana","2022","Persons","2439892"
"Botswana","2023","Persons","2480244"
"Botswana","2024","Persons","2521139"
"Brazil","2014","Persons","200085127"
"Brazil","2015","Persons","201675532"
"Brazil","2016","Persons","203218114"
"Brazil","2017","Persons","204703445"
"Brazil","2018","Persons","206107261"
"Brazil","2019","Persons","207455459"
"Brazil","2020","Persons","208660842"
"Brazil","2021","Persons","209550294"
"Brazil","2022","Persons","210306415"
"Brazil","2023","Persons","211140729"
"Brazil","2024","Persons","211998573"
"British Virgin Islands","2014","Persons","32962"
"British Virgin Islands","2015","Persons","34498"
"British Virgin Islands","2016","Persons","33878"
"British Virgin Islands","2017","Persons","32699"
"British Virgin Islands","2018","Persons","34657"
"British Virgin Islands","2019","Persons","36395"
"British Virgin Islands","2020","Persons","37135"
"British Virgin Islands","2021","Persons","37809"
"British Virgin Islands","2022","Persons","38319"
"British Virgin Islands","2023","Persons","38985"
"British Virgin Islands","2024","Persons","39471"
"Brunei Darussalam","2014","Persons","416750"
"Brunei Darussalam","2015","Persons","422212"
"Brunei Darussalam","2016","Persons","427564"
"Brunei Darussalam","2017","Persons","432772"
"Brunei Darussalam","2018","Persons","437810"
"Brunei Darussalam","2019","Persons","442680"
"Brunei Darussalam","2020","Persons","447404"
"Brunei Darussalam","2021","Persons","451721"
"Brunei Darussalam","2022","Persons","455370"
"Brunei Darussalam","2023","Persons","458949"
"Brunei Darussalam","2024","Persons","462721"
"Bulgaria","2014","Persons","7223449"
"Bulgaria","2015","Persons","7177517"
"Bulgaria","2016","Persons","7127434"
"Bulgaria","2017","Persons","7075636"
"Bulgaria","2018","Persons","7024745"
"Bulgaria","2019","Persons","6975469"
"Bulgaria","2020","Persons","6933652"
"Bulgaria","2021","Persons","6877225"
"Bulgaria","2022","Persons","6825864"
"Bulgaria","2023","Persons","6795803"
"Bulgaria","2024","Persons","6757689"
"Burkina Faso","2014","Persons","18229461"
"Burkina Faso","2015","Persons","18777487"
"Burkina Faso","2016","Persons","19334856"
"Burkina Faso","2017","Persons","19894407"
"Burkina Faso","2018","Persons","20438288"
"Burkina Faso","2019","Persons","20961952"
"Burkina Faso","2020","Persons","21478690"
"Burkina Faso","2021","Persons","21995243"
"Burkina Faso","2022","Persons","22509038"
"Burkina Faso","2023","Persons","23025776"
"Burkina Faso","2024","Persons","23548781"
"Burundi","2014","Persons","10799785"
"Burundi","2015","Persons","11047580"
"Burundi","2016","Persons","11239451"
"Burundi","2017","Persons","11506762"
"Burundi","2018","Persons","11859446"
"Burundi","2019","Persons","12255336"
"Burundi","2020","Persons","12617036"
"Burundi","2021","Persons","12965481"
"Burundi","2022","Persons","13321097"
"Burundi","2023","Persons","13689450"
"Burundi","2024","Persons","14047786"
"Cabo Verde","2014","Persons","512326"
"Cabo Verde","2015","Persons","512394"
"Cabo Verde","2016","Persons","512554"
"Cabo Verde","2017","Persons","512893"
"Cabo Verde","2018","Persons","513415"
"Cabo Verde","2019","Persons","514104"
"Cabo Verde","2020","Persons","514679"
"Cabo Verde","2021","Persons","516649"
"Cabo Verde","2022","Persons","519741"
"Cabo Verde","2023","Persons","522331"
"Cabo Verde","2024","Persons","524877"
"Cambodia","2014","Persons","15396772"
"Cambodia","2015","Persons","15623251"
"Cambodia","2016","Persons","15852803"
"Cambodia","2017","Persons","16073372"
"Cambodia","2018","Persons","16274522"
"Cambodia","2019","Persons","16481304"
"Cambodia","2020","Persons","16725474"
"Cambodia","2021","Persons","16974305"
"Cambodia","2022","Persons","17201724"
"Cambodia","2023","Persons","17423880"
"Cambodia","2024","Persons","17638801"
"Cameroon","2014","Persons","22059893"
"Cameroon","2015","Persons","22763414"
"Cameroon","2016","Persons","23454161"
"Cameroon","2017","Persons","24128601"
"Cameroon","2018","Persons","24806383"
"Cameroon","2019","Persons","25506095"
"Cameroon","2020","Persons","26210558"
"Cameroon","2021","Persons","26915758"
"Cameroon","2022","Persons","27632771"
"Cameroon","2023","Persons","28372687"
"Cameroon","2024","Persons","29123744"
"Canada","2014","Persons","35634264"
"Canada","2015","Persons","35962234"
"Canada","2016","Persons","36353343"
"Canada","2017","Persons","36808497"
"Canada","2018","Persons","37295005"
"Canada","2019","Persons","37782935"
"Canada","2020","Persons","38171902"
"Canada","2021","Persons","38454057"
"Canada","2022","Persons","38821259"
"Canada","2023","Persons","39299105"
"Canada","2024","Persons","39742430"
"Cayman Islands","2014","Persons","60160"
"Cayman Islands","2015","Persons","61642"
"Cayman Islands","2016","Persons","63100"
"Cayman Islands","2017","Persons","64535"
"Cayman Islands","2018","Persons","65941"
"Cayman Islands","2019","Persons","67327"
"Cayman Islands","2020","Persons","68684"
"Cayman Islands","2021","Persons","70108"
"Cayman Islands","2022","Persons","71591"
"Cayman Islands","2023","Persons","73038"
"Cayman Islands","2024","Persons","74457"
"Chad","2014","Persons","14188678"
"Chad","2015","Persons","14647621"
"Chad","2016","Persons","15114655"
"Chad","2017","Persons","15622759"
"Chad","2018","Persons","16156531"
"Chad","2019","Persons","16685223"
"Chad","2020","Persons","17224679"
"Chad","2021","Persons","17828273"
"Chad","2022","Persons","18455316"
"Chad","2023","Persons","19319064"
"Chad","2024","Persons","20299123"
"Chile","2014","Persons","17864195"
"Chile","2015","Persons","18047625"
"Chile","2016","Persons","18267221"
"Chile","2017","Persons","18558868"
"Chile","2018","Persons","18893191"
"Chile","2019","Persons","19197744"
"Chile","2020","Persons","19370624"
"Chile","2021","Persons","19456334"
"Chile","2022","Persons","19553036"
"Chile","2023","Persons","19658835"
"Chile","2024","Persons","19764771"
"China (mainland)","2014","Persons","1387951972"
"China (mainland)","2015","Persons","1396134174"
"China (mainland)","2016","Persons","1404052632"
"China (mainland)","2017","Persons","1412354727"
"China (mainland)","2018","Persons","1419008956"
"China (mainland)","2019","Persons","1423520357"
"China (mainland)","2020","Persons","1426106093"
"China (mainland)","2021","Persons","1426437267"
"China (mainland)","2022","Persons","1425179569"
"China (mainland)","2023","Persons","1422584933"
"China (mainland)","2024","Persons","1419321278"
"China, Hong Kong SAR","2014","Persons","7319501"
"China, Hong Kong SAR","2015","Persons","7366409"
"China, Hong Kong SAR","2016","Persons","7408010"
"China, Hong Kong SAR","2017","Persons","7444891"
"China, Hong Kong SAR","2018","Persons","7471194"
"China, Hong Kong SAR","2019","Persons","7485813"
"China, Hong Kong SAR","2020","Persons","7490235"
"China, Hong Kong SAR","2021","Persons","7484601"
"China, Hong Kong SAR","2022","Persons","7465915"
"China, Hong Kong SAR","2023","Persons","7442734"
"China, Hong Kong SAR","2024","Persons","7414909"
"China, Macao Special Administrative Region","2014","Persons","610304"
"China, Macao Special Administrative Region","2015","Persons","622179"
"China, Macao Special Administrative Region","2016","Persons","634312"
"China, Macao Special Administrative Region","2017","Persons","646554"
"China, Macao Special Administrative Region","2018","Persons","658772"
"China, Macao Special Administrative Region","2019","Persons","670974"
"China, Macao Special Administrative Region","2020","Persons","683067"
"China, Macao Special Administrative Region","2021","Persons","694402"
"China, Macao Special Administrative Region","2022","Persons","704356"
"China, Macao Special Administrative Region","2023","Persons","713912"
"China, Macao Special Administrative Region","2024","Persons","720262"
"Colombia","2014","Persons","46565429"
"Colombia","2015","Persons","46969940"
"Colombia","2016","Persons","47437512"
"Colombia","2017","Persons","48131078"
"Colombia","2018","Persons","49024465"
"Colombia","2019","Persons","49907985"
"Colombia","2020","Persons","50629997"
"Colombia","2021","Persons","51188173"
"Colombia","2022","Persons","51737944"
"Colombia","2023","Persons","52321152"
"Colombia","2024","Persons","52886363"
"Comoros","2014","Persons","711503"
"Comoros","2015","Persons","726682"
"Comoros","2016","Persons","741741"
"Comoros","2017","Persons","756669"
"Comoros","2018","Persons","771590"
"Comoros","2019","Persons","786578"
"Comoros","2020","Persons","802163"
"Comoros","2021","Persons","818174"
"Comoros","2022","Persons","834188"
"Comoros","2023","Persons","850387"
"Comoros","2024","Persons","866628"
"Congo","2014","Persons","4975880"
"Congo","2015","Persons","5097581"
"Congo","2016","Persons","5222536"
"Congo","2017","Persons","5351011"
"Congo","2018","Persons","5483118"
"Congo","2019","Persons","5616661"
"Congo","2020","Persons","5752791"
"Congo","2021","Persons","5892183"
"Congo","2022","Persons","6035104"
"Congo","2023","Persons","6182885"
"Congo","2024","Persons","6332961"
"Cook Islands","2014","Persons","17532"
"Cook Islands","2015","Persons","17446"
"Cook Islands","2016","Persons","17332"
"Cook Islands","2017","Persons","17047"
"Cook Islands","2018","Persons","16596"
"Cook Islands","2019","Persons","16129"
"Cook Islands","2020","Persons","15643"
"Cook Islands","2021","Persons","15182"
"Cook Islands","2022","Persons","14723"
"Cook Islands","2023","Persons","14222"
"Cook Islands","2024","Persons","13729"
"Costa Rica","2014","Persons","4767119"
"Costa Rica","2015","Persons","4818038"
"Costa Rica","2016","Persons","4866998"
"Costa Rica","2017","Persons","4913177"
"Costa Rica","2018","Persons","4957818"
"Costa Rica","2019","Persons","4999553"
"Costa Rica","2020","Persons","5034320"
"Costa Rica","2021","Persons","5059988"
"Costa Rica","2022","Persons","5081765"
"Costa Rica","2023","Persons","5105525"
"Costa Rica","2024","Persons","5129910"
"Croatia","2014","Persons","4219479"
"Croatia","2015","Persons","4183729"
"Croatia","2016","Persons","4136444"
"Croatia","2017","Persons","4079200"
"Croatia","2018","Persons","4024868"
"Croatia","2019","Persons","3986334"
"Croatia","2020","Persons","3953958"
"Croatia","2021","Persons","3924610"
"Croatia","2022","Persons","3907027"
"Croatia","2023","Persons","3896023"
"Croatia","2024","Persons","3875325"
"Cuba","2014","Persons","11285775"
"Cuba","2015","Persons","11275065"
"Cuba","2016","Persons","11265612"
"Cuba","2017","Persons","11247829"
"Cuba","2018","Persons","11227118"
"Cuba","2019","Persons","11202846"
"Cuba","2020","Persons","11176354"
"Cuba","2021","Persons","11122168"
"Cuba","2022","Persons","11059820"
"Cuba","2023","Persons","11019931"
"Cuba","2024","Persons","10979783"
"Curaçao","2014","Persons","165027"
"Curaçao","2015","Persons","166612"
"Curaçao","2016","Persons","167782"
"Curaçao","2017","Persons","168516"
"Curaçao","2018","Persons","181583"
"Curaçao","2019","Persons","189543"
"Curaçao","2020","Persons","185018"
"Curaçao","2021","Persons","185315"
"Curaçao","2022","Persons","185345"
"Curaçao","2023","Persons","185427"
"Curaçao","2024","Persons","185482"
"Cyprus","2014","Persons","852504"
"Cyprus","2015","Persons","847700"
"Cyprus","2016","Persons","851600"
"Cyprus","2017","Persons","859519"
"Cyprus","2018","Persons","870067"
"Cyprus","2019","Persons","875899"
"Cyprus","2020","Persons","888005"
"Cyprus","2021","Persons","896007"
"Cyprus","2022","Persons","904705"
"Cyprus","2023","Persons","920701"
"Cyprus","2024","Persons","929809"
"Czechia","2014","Persons","10517226"
"Czechia","2015","Persons","10524416"
"Czechia","2016","Persons","10531948"
"Czechia","2017","Persons","10541342"
"Czechia","2018","Persons","10548937"
"Czechia","2019","Persons","10554875"
"Czechia","2020","Persons","10550129"
"Czechia","2021","Persons","10530683"
"Czechia","2022","Persons","10673213"
"Czechia","2023","Persons","10809716"
"Czechia","2024","Persons","10735859"
"Côte d'Ivoire","2014","Persons","24527395"
"Côte d'Ivoire","2015","Persons","25246342"
"Côte d'Ivoire","2016","Persons","25989405"
"Côte d'Ivoire","2017","Persons","26733372"
"Côte d'Ivoire","2018","Persons","27464173"
"Côte d'Ivoire","2019","Persons","28193009"
"Côte d'Ivoire","2020","Persons","28915449"
"Côte d'Ivoire","2021","Persons","29639736"
"Côte d'Ivoire","2022","Persons","30395002"
"Côte d'Ivoire","2023","Persons","31165654"
"Côte d'Ivoire","2024","Persons","31934230"
"Democratic People's Republic of Korea","2014","Persons","24776607"
"Democratic People's Republic of Korea","2015","Persons","24897406"
"Democratic People's Republic of Korea","2016","Persons","25017122"
"Democratic People's Republic of Korea","2017","Persons","25133341"
"Democratic People's Republic of Korea","2018","Persons","25243772"
"Democratic People's Republic of Korea","2019","Persons","25347434"
"Democratic People's Republic of Korea","2020","Persons","25443498"
"Democratic People's Republic of Korea","2021","Persons","25537170"
"Democratic People's Republic of Korea","2022","Persons","25630928"
"Democratic People's Republic of Korea","2023","Persons","25717918"
"Democratic People's Republic of Korea","2024","Persons","25796400"
"Democratic Republic of the Congo","2014","Persons","78403242"
"Democratic Republic of the Congo","2015","Persons","81035531"
"Democratic Republic of the Congo","2016","Persons","83956415"
"Democratic Republic of the Congo","2017","Persons","87083398"
"Democratic Republic of the Congo","2018","Persons","90047644"
"Democratic Republic of the Congo","2019","Persons","92947442"
"Democratic Republic of the Congo","2020","Persons","95989998"
"Democratic Republic of the Congo","2021","Persons","99148932"
"Democratic Republic of the Congo","2022","Persons","102396968"
"Democratic Republic of the Congo","2023","Persons","105789731"
"Democratic Republic of the Congo","2024","Persons","109276265"
"Denmark","2014","Persons","5643794"
"Denmark","2015","Persons","5683701"
"Denmark","2016","Persons","5728201"
"Denmark","2017","Persons","5765168"
"Denmark","2018","Persons","5793824"
"Denmark","2019","Persons","5814618"
"Denmark","2020","Persons","5831530"
"Denmark","2021","Persons","5856776"
"Denmark","2022","Persons","5902904"
"Denmark","2023","Persons","5948136"
"Denmark","2024","Persons","5977412"
"Djibouti","2014","Persons","1002717"
"Djibouti","2015","Persons","1020313"
"Djibouti","2016","Persons","1037653"
"Djibouti","2017","Persons","1054841"
"Djibouti","2018","Persons","1071882"
"Djibouti","2019","Persons","1088709"
"Djibouti","2020","Persons","1105188"
"Djibouti","2021","Persons","1121248"
"Djibouti","2022","Persons","1137096"
"Djibouti","2023","Persons","1152944"
"Djibouti","2024","Persons","1168722"
"Dominica","2014","Persons","70373"
"Dominica","2015","Persons","70410"
"Dominica","2016","Persons","69606"
"Dominica","2017","Persons","68496"
"Dominica","2018","Persons","68174"
"Dominica","2019","Persons","67880"
"Dominica","2020","Persons","67573"
"Dominica","2021","Persons","67202"
"Dominica","2022","Persons","66826"
"Dominica","2023","Persons","66510"
"Dominica","2024","Persons","66205"
"Dominican Republic","2014","Persons","10315528"
"Dominican Republic","2015","Persons","10434829"
"Dominican Republic","2016","Persons","10551430"
"Dominican Republic","2017","Persons","10666843"
"Dominican Republic","2018","Persons","10782053"
"Dominican Republic","2019","Persons","10894043"
"Dominican Republic","2020","Persons","11008300"
"Dominican Republic","2021","Persons","11123476"
"Dominican Republic","2022","Persons","11230734"
"Dominican Republic","2023","Persons","11331265"
"Dominican Republic","2024","Persons","11427557"
"Ecuador","2014","Persons","16035124"
"Ecuador","2015","Persons","16266225"
"Ecuador","2016","Persons","16505139"
"Ecuador","2017","Persons","16759519"
"Ecuador","2018","Persons","17049547"
"Ecuador","2019","Persons","17340021"
"Ecuador","2020","Persons","17546065"
"Ecuador","2021","Persons","17682454"
"Ecuador","2022","Persons","17823897"
"Ecuador","2023","Persons","17980083"
"Ecuador","2024","Persons","18135478"
"Egypt","2014","Persons","97528654"
"Egypt","2015","Persons","99597342"
"Egypt","2016","Persons","101644589"
"Egypt","2017","Persons","103696057"
"Egypt","2018","Persons","105682094"
"Egypt","2019","Persons","107553158"
"Egypt","2020","Persons","109315124"
"Egypt","2021","Persons","110957008"
"Egypt","2022","Persons","112618250"
"Egypt","2023","Persons","114535772"
"Egypt","2024","Persons","116538258"
"El Salvador","2014","Persons","6162955"
"El Salvador","2015","Persons","6183676"
"El Salvador","2016","Persons","6200800"
"El Salvador","2017","Persons","6213533"
"El Salvador","2018","Persons","6219807"
"El Salvador","2019","Persons","6222318"
"El Salvador","2020","Persons","6234673"
"El Salvador","2021","Persons","6255782"
"El Salvador","2022","Persons","6280319"
"El Salvador","2023","Persons","6309624"
"El Salvador","2024","Persons","6338193"
"Equatorial Guinea","2014","Persons","1399828"
"Equatorial Guinea","2015","Persons","1453923"
"Equatorial Guinea","2016","Persons","1508186"
"Equatorial Guinea","2017","Persons","1562396"
"Equatorial Guinea","2018","Persons","1616422"
"Equatorial Guinea","2019","Persons","1670177"
"Equatorial Guinea","2020","Persons","1716468"
"Equatorial Guinea","2021","Persons","1758786"
"Equatorial Guinea","2022","Persons","1803545"
"Equatorial Guinea","2023","Persons","1847549"
"Equatorial Guinea","2024","Persons","1892516"
"Eritrea","2014","Persons","3095173"
"Eritrea","2015","Persons","3105546"
"Eritrea","2016","Persons","3124698"
"Eritrea","2017","Persons","3150347"
"Eritrea","2018","Persons","3192760"
"Eritrea","2019","Persons","3240194"
"Eritrea","2020","Persons","3291271"
"Eritrea","2021","Persons","3350183"
"Eritrea","2022","Persons","3409447"
"Eritrea","2023","Persons","3470390"
"Eritrea","2024","Persons","3535603"
"Estonia","2014","Persons","1314452"
"Estonia","2015","Persons","1314576"
"Estonia","2016","Persons","1315849"
"Estonia","2017","Persons","1317425"
"Estonia","2018","Persons","1321965"
"Estonia","2019","Persons","1326822"
"Estonia","2020","Persons","1329669"
"Estonia","2021","Persons","1331749"
"Estonia","2022","Persons","1350091"
"Estonia","2023","Persons","1367196"
"Estonia","2024","Persons","1360546"
"Ethiopia","2014","Persons","101115610"
"Ethiopia","2015","Persons","103867135"
"Ethiopia","2016","Persons","106718162"
"Ethiopia","2017","Persons","109666481"
"Ethiopia","2018","Persons","112664152"
"Ethiopia","2019","Persons","115737383"
"Ethiopia","2020","Persons","118917671"
"Ethiopia","2021","Persons","122138588"
"Ethiopia","2022","Persons","125384287"
"Ethiopia","2023","Persons","128691692"
"Ethiopia","2024","Persons","132059767"
"Fiji","2014","Persons","917585"
"Fiji","2015","Persons","918578"
"Fiji","2016","Persons","919166"
"Fiji","2017","Persons","918759"
"Fiji","2018","Persons","917180"
"Fiji","2019","Persons","914899"
"Fiji","2020","Persons","914963"
"Fiji","2021","Persons","916711"
"Fiji","2022","Persons","919422"
"Fiji","2023","Persons","924145"
"Fiji","2024","Persons","928784"
"Finland","2014","Persons","5461684"
"Finland","2015","Persons","5479717"
"Finland","2016","Persons","5495469"
"Finland","2017","Persons","5508396"
"Finland","2018","Persons","5515736"
"Finland","2019","Persons","5521759"
"Finland","2020","Persons","5529612"
"Finland","2021","Persons","5541075"
"Finland","2022","Persons","5569299"
"Finland","2023","Persons","5601185"
"Finland","2024","Persons","5617310"
"France","2014","Persons","66841142"
"France","2015","Persons","67080971"
"France","2016","Persons","67260373"
"France","2017","Persons","67469032"
"France","2018","Persons","67706406"
"France","2019","Persons","67917133"
"France","2020","Persons","68104157"
"France","2021","Persons","68291492"
"France","2022","Persons","68486680"
"France","2023","Persons","68655641"
"France","2024","Persons","68780449"
"French Polynesia","2014","Persons","276387"
"French Polynesia","2015","Persons","277866"
"French Polynesia","2016","Persons","279178"
"French Polynesia","2017","Persons","280087"
"French Polynesia","2018","Persons","279815"
"French Polynesia","2019","Persons","279034"
"French Polynesia","2020","Persons","279209"
"French Polynesia","2021","Persons","279792"
"French Polynesia","2022","Persons","280378"
"French Polynesia","2023","Persons","281118"
"French Polynesia","2024","Persons","281807"
"Gabon","2014","Persons","1978399"
"Gabon","2015","Persons","2040989"
"Gabon","2016","Persons","2100306"
"Gabon","2017","Persons","2156900"
"Gabon","2018","Persons","2212318"
"Gabon","2019","Persons","2267706"
"Gabon","2020","Persons","2322539"
"Gabon","2021","Persons","2376722"
"Gabon","2022","Persons","2430747"
"Gabon","2023","Persons","2484789"
"Gabon","2024","Persons","2538952"
"Gambia","2014","Persons","2164528"
"Gambia","2015","Persons","2224529"
"Gambia","2016","Persons","2283769"
"Gambia","2017","Persons","2342189"
"Gambia","2018","Persons","2399632"
"Gambia","2019","Persons","2456844"
"Gambia","2020","Persons","2515733"
"Gambia","2021","Persons","2576010"
"Gambia","2022","Persons","2636470"
"Gambia","2023","Persons","2697845"
"Gambia","2024","Persons","2759988"
"Georgia","2014","Persons","3792916"
"Georgia","2015","Persons","3791573"
"Georgia","2016","Persons","3792057"
"Georgia","2017","Persons","3792859"
"Georgia","2018","Persons","3794877"
"Georgia","2019","Persons","3796722"
"Georgia","2020","Persons","3795678"
"Georgia","2021","Persons","3788451"
"Georgia","2022","Persons","3794784"
"Georgia","2023","Persons","3807492"
"Georgia","2024","Persons","3807670"
"Germany","2014","Persons","81376080"
"Germany","2015","Persons","82077550"
"Germany","2016","Persons","82760102"
"Germany","2017","Persons","83104007"
"Germany","2018","Persons","83368505"
"Germany","2019","Persons","83559186"
"Germany","2020","Persons","83628708"
"Germany","2021","Persons","83697083"
"Germany","2022","Persons","84086227"
"Germany","2023","Persons","84548231"
"Germany","2024","Persons","84552242"
"Ghana","2014","Persons","28041592"
"Ghana","2015","Persons","28696068"
"Ghana","2016","Persons","29356742"
"Ghana","2017","Persons","30008354"
"Ghana","2018","Persons","30637585"
"Ghana","2019","Persons","31258945"
"Ghana","2020","Persons","31887809"
"Ghana","2021","Persons","32518665"
"Ghana","2022","Persons","33149152"
"Ghana","2023","Persons","33787914"
"Ghana","2024","Persons","34427414"
"Greece","2014","Persons","10893166"
"Greece","2015","Persons","10820903"
"Greece","2016","Persons","10775504"
"Greece","2017","Persons","10753533"
"Greece","2018","Persons","10730844"
"Greece","2019","Persons","10718576"
"Greece","2020","Persons","10699369"
"Greece","2021","Persons","10579561"
"Greece","2022","Persons","10412480"
"Greece","2023","Persons","10242908"
"Greece","2024","Persons","10047817"
"Greenland","2014","Persons","56173"
"Greenland","2015","Persons","56021"
"Greenland","2016","Persons","56061"
"Greenland","2017","Persons","56071"
"Greenland","2018","Persons","56074"
"Greenland","2019","Persons","56084"
"Greenland","2020","Persons","56080"
"Greenland","2021","Persons","56041"
"Greenland","2022","Persons","55990"
"Greenland","2023","Persons","55922"
"Greenland","2024","Persons","55840"
"Grenada","2014","Persons","114132"
"Grenada","2015","Persons","114676"
"Grenada","2016","Persons","115130"
"Grenada","2017","Persons","115438"
"Grenada","2018","Persons","115691"
"Grenada","2019","Persons","115981"
"Grenada","2020","Persons","116341"
"Grenada","2021","Persons","116688"
"Grenada","2022","Persons","116913"
"Grenada","2023","Persons","117081"
"Grenada","2024","Persons","117207"
"Guatemala","2014","Persons","15681725"
"Guatemala","2015","Persons","15971743"
"Guatemala","2016","Persons","16268760"
"Guatemala","2017","Persons","16567357"
"Guatemala","2018","Persons","16845685"
"Guatemala","2019","Persons","17103803"
"Guatemala","2020","Persons","17357325"
"Guatemala","2021","Persons","17598650"
"Guatemala","2022","Persons","17847877"
"Guatemala","2023","Persons","18124838"
"Guatemala","2024","Persons","18406359"
"Guinea","2014","Persons","11472924"
"Guinea","2015","Persons","11767070"
"Guinea","2016","Persons","12073030"
"Guinea","2017","Persons","12385659"
"Guinea","2018","Persons","12704774"
"Guinea","2019","Persons","13034346"
"Guinea","2020","Persons","13371183"
"Guinea","2021","Persons","13710513"
"Guinea","2022","Persons","14055137"
"Guinea","2023","Persons","14405468"
"Guinea","2024","Persons","14754785"
"Guinea-Bissau","2014","Persons","1741122"
"Guinea-Bissau","2015","Persons","1786457"
"Guinea-Bissau","2016","Persons","1831893"
"Guinea-Bissau","2017","Persons","1877072"
"Guinea-Bissau","2018","Persons","1922168"
"Guinea-Bissau","2019","Persons","1967696"
"Guinea-Bissau","2020","Persons","2013255"
"Guinea-Bissau","2021","Persons","2058841"
"Guinea-Bissau","2022","Persons","2105529"
"Guinea-Bissau","2023","Persons","2153339"
"Guinea-Bissau","2024","Persons","2201352"
"Guyana","2014","Persons","754229"
"Guyana","2015","Persons","758781"
"Guyana","2016","Persons","763548"
"Guyana","2017","Persons","768479"
"Guyana","2018","Persons","791556"
"Guyana","2019","Persons","807665"
"Guyana","2020","Persons","807481"
"Guyana","2021","Persons","815482"
"Guyana","2022","Persons","821637"
"Guyana","2023","Persons","826353"
"Guyana","2024","Persons","831087"
"Haiti","2014","Persons","10373235"
"Haiti","2015","Persons","10523242"
"Haiti","2016","Persons","10671457"
"Haiti","2017","Persons","10817754"
"Haiti","2018","Persons","10962362"
"Haiti","2019","Persons","11105163"
"Haiti","2020","Persons","11243848"
"Haiti","2021","Persons","11374586"
"Haiti","2022","Persons","11503606"
"Haiti","2023","Persons","11637398"
"Haiti","2024","Persons","11772557"
"Honduras","2014","Persons","9063122"
"Honduras","2015","Persons","9237305"
"Honduras","2016","Persons","9412380"
"Honduras","2017","Persons","9588137"
"Honduras","2018","Persons","9765210"
"Honduras","2019","Persons","9943633"
"Honduras","2020","Persons","10119640"
"Honduras","2021","Persons","10289877"
"Honduras","2022","Persons","10463872"
"Honduras","2023","Persons","10644851"
"Honduras","2024","Persons","10825703"
"Hungary","2014","Persons","9862842"
"Hungary","2015","Persons","9839211"
"Hungary","2016","Persons","9810532"
"Hungary","2017","Persons","9785604"
"Hungary","2018","Persons","9774394"
"Hungary","2019","Persons","9770346"
"Hungary","2020","Persons","9749457"
"Hungary","2021","Persons","9707850"
"Hungary","2022","Persons","9684306"
"Hungary","2023","Persons","9686463"
"Hungary","2024","Persons","9676135"
"Iceland","2014","Persons","327512"
"Iceland","2015","Persons","330952"
"Iceland","2016","Persons","335574"
"Iceland","2017","Persons","343531"
"Iceland","2018","Persons","352854"
"Iceland","2019","Persons","360700"
"Iceland","2020","Persons","366614"
"Iceland","2021","Persons","372644"
"Iceland","2022","Persons","380356"
"Iceland","2023","Persons","387558"
"Iceland","2024","Persons","393396"
"India","2014","Persons","1312277191"
"India","2015","Persons","1328024498"
"India","2016","Persons","1343944296"
"India","2017","Persons","1359657400"
"India","2018","Persons","1374659064"
"India","2019","Persons","1389030312"
"India","2020","Persons","1402617695"
"India","2021","Persons","1414203896"
"India","2022","Persons","1425423212"
"India","2023","Persons","1438069596"
"India","2024","Persons","1450935791"
"Indonesia","2014","Persons","258877399"
"Indonesia","2015","Persons","261799249"
"Indonesia","2016","Persons","264627418"
"Indonesia","2017","Persons","267346658"
"Indonesia","2018","Persons","269951846"
"Indonesia","2019","Persons","272489381"
"Indonesia","2020","Persons","274814866"
"Indonesia","2021","Persons","276758053"
"Indonesia","2022","Persons","278830529"
"Indonesia","2023","Persons","281190067"
"Indonesia","2024","Persons","283487931"
"Iran, Islamic Republic of","2014","Persons","81502045"
"Iran, Islamic Republic of","2015","Persons","82619362"
"Iran, Islamic Republic of","2016","Persons","83812228"
"Iran, Islamic Republic of","2017","Persons","85026754"
"Iran, Islamic Republic of","2018","Persons","86117998"
"Iran, Islamic Republic of","2019","Persons","87051648"
"Iran, Islamic Republic of","2020","Persons","87723443"
"Iran, Islamic Republic of","2021","Persons","88455488"
"Iran, Islamic Republic of","2022","Persons","89524246"
"Iran, Islamic Republic of","2023","Persons","90608707"
"Iran, Islamic Republic of","2024","Persons","91567738"
"Iraq","2014","Persons","36550059"
"Iraq","2015","Persons","37560535"
"Iraq","2016","Persons","38469627"
"Iraq","2017","Persons","39337353"
"Iraq","2018","Persons","40265624"
"Iraq","2019","Persons","41192171"
"Iraq","2020","Persons","42116605"
"Iraq","2021","Persons","43071211"
"Iraq","2022","Persons","44070551"
"Iraq","2023","Persons","45074049"
"Iraq","2024","Persons","46042015"
"Ireland","2014","Persons","4658239"
"Ireland","2015","Persons","4702487"
"Ireland","2016","Persons","4753503"
"Ireland","2017","Persons","4810261"
"Ireland","2018","Persons","4872556"
"Ireland","2019","Persons","4933491"
"Ireland","2020","Persons","4982606"
"Ireland","2021","Persons","5028426"
"Ireland","2022","Persons","5110016"
"Ireland","2023","Persons","5196630"
"Ireland","2024","Persons","5255017"
"Israel","2014","Persons","7897179"
"Israel","2015","Persons","8052908"
"Israel","2016","Persons","8210005"
"Israel","2017","Persons","8361797"
"Israel","2018","Persons","8510067"
"Israel","2019","Persons","8657474"
"Israel","2020","Persons","8800376"
"Israel","2021","Persons","8942924"
"Israel","2022","Persons","9103151"
"Israel","2023","Persons","9256314"
"Israel","2024","Persons","9387021"
"Italy","2014","Persons","60664171"
"Italy","2015","Persons","60575316"
"Italy","2016","Persons","60478107"
"Italy","2017","Persons","60390318"
"Italy","2018","Persons","60277499"
"Italy","2019","Persons","60130136"
"Italy","2020","Persons","59912769"
"Italy","2021","Persons","59729350"
"Italy","2022","Persons","59619115"
"Italy","2023","Persons","59499453"
"Italy","2024","Persons","59342867"
"Jamaica","2014","Persons","2793749"
"Jamaica","2015","Persons","2802534"
"Jamaica","2016","Persons","2809915"
"Jamaica","2017","Persons","2815764"
"Jamaica","2018","Persons","2820097"
"Jamaica","2019","Persons","2823271"
"Jamaica","2020","Persons","2830739"
"Jamaica","2021","Persons","2837682"
"Jamaica","2022","Persons","2839144"
"Jamaica","2023","Persons","2839786"
"Jamaica","2024","Persons","2839175"
"Japan","2014","Persons","127486605"
"Japan","2015","Persons","127275872"
"Japan","2016","Persons","127159951"
"Japan","2017","Persons","127064690"
"Japan","2018","Persons","126913432"
"Japan","2019","Persons","126699424"
"Japan","2020","Persons","126304543"
"Japan","2021","Persons","125679338"
"Japan","2022","Persons","124997578"
"Japan","2023","Persons","124370947"
"Japan","2024","Persons","123753041"
"Jordan","2014","Persons","8791710"
"Jordan","2015","Persons","9544729"
"Jordan","2016","Persons","10006367"
"Jordan","2017","Persons","10234226"
"Jordan","2018","Persons","10462306"
"Jordan","2019","Persons","10671891"
"Jordan","2020","Persons","10865228"
"Jordan","2021","Persons","11066356"
"Jordan","2022","Persons","11256263"
"Jordan","2023","Persons","11439213"
"Jordan","2024","Persons","11552876"
"Kazakhstan","2014","Persons","17816285"
"Kazakhstan","2015","Persons","18084169"
"Kazakhstan","2016","Persons","18363600"
"Kazakhstan","2017","Persons","18651931"
"Kazakhstan","2018","Persons","18932727"
"Kazakhstan","2019","Persons","19209555"
"Kazakhstan","2020","Persons","19482117"
"Kazakhstan","2021","Persons","19743603"
"Kazakhstan","2022","Persons","20034609"
"Kazakhstan","2023","Persons","20330104"
"Kazakhstan","2024","Persons","20592571"
"Kenya","2014","Persons","46051440"
"Kenya","2015","Persons","47088526"
"Kenya","2016","Persons","48139687"
"Kenya","2017","Persons","49197766"
"Kenya","2018","Persons","50207107"
"Kenya","2019","Persons","51202827"
"Kenya","2020","Persons","52217334"
"Kenya","2021","Persons","53219166"
"Kenya","2022","Persons","54252461"
"Kenya","2023","Persons","55339003"
"Kenya","2024","Persons","56432944"
"Kingdom of Eswatini","2014","Persons","1136299"
"Kingdom of Eswatini","2015","Persons","1142813"
"Kingdom of Eswatini","2016","Persons","1149507"
"Kingdom of Eswatini","2017","Persons","1158195"
"Kingdom of Eswatini","2018","Persons","1168929"
"Kingdom of Eswatini","2019","Persons","1179874"
"Kingdom of Eswatini","2020","Persons","1192729"
"Kingdom of Eswatini","2021","Persons","1206593"
"Kingdom of Eswatini","2022","Persons","1218917"
"Kingdom of Eswatini","2023","Persons","1230506"
"Kingdom of Eswatini","2024","Persons","1242822"
"Kiribati","2014","Persons","115326"
"Kiribati","2015","Persons","116815"
"Kiribati","2016","Persons","118478"
"Kiribati","2017","Persons","120275"
"Kiribati","2018","Persons","122084"
"Kiribati","2019","Persons","123921"
"Kiribati","2020","Persons","126099"
"Kiribati","2021","Persons","128377"
"Kiribati","2022","Persons","130469"
"Kiribati","2023","Persons","132530"
"Kiribati","2024","Persons","134518"
"Kosovo","2014","Persons","1808980"
"Kosovo","2015","Persons","1779020"
"Kosovo","2016","Persons","1761764"
"Kosovo","2017","Persons","1768119"
"Kosovo","2018","Persons","1767741"
"Kosovo","2019","Persons","1755042"
"Kosovo","2020","Persons","1751417"
"Kosovo","2021","Persons","1741446"
"Kosovo","2022","Persons","1717946"
"Kosovo","2023","Persons","1700031"
"Kosovo","2024","Persons","1684790"
"Kuwait","2014","Persons","3665766"
"Kuwait","2015","Persons","3834454"
"Kuwait","2016","Persons","4003971"
"Kuwait","2017","Persons","4154685"
"Kuwait","2018","Persons","4323387"
"Kuwait","2019","Persons","4442194"
"Kuwait","2020","Persons","4400144"
"Kuwait","2021","Persons","4360742"
"Kuwait","2022","Persons","4589511"
"Kuwait","2023","Persons","4838782"
"Kuwait","2024","Persons","4934507"
"Kyrgyzstan","2014","Persons","5898319"
"Kyrgyzstan","2015","Persons","6001882"
"Kyrgyzstan","2016","Persons","6108462"
"Kyrgyzstan","2017","Persons","6220150"
"Kyrgyzstan","2018","Persons","6341732"
"Kyrgyzstan","2019","Persons","6494035"
"Kyrgyzstan","2020","Persons","6664140"
"Kyrgyzstan","2021","Persons","6820479"
"Kyrgyzstan","2022","Persons","6955788"
"Kyrgyzstan","2023","Persons","7073516"
"Kyrgyzstan","2024","Persons","7186009"
"Lao People's Democratic Republic","2014","Persons","6703172"
"Lao People's Democratic Republic","2015","Persons","6801645"
"Lao People's Democratic Republic","2016","Persons","6908802"
"Lao People's Democratic Republic","2017","Persons","7018147"
"Lao People's Democratic Republic","2018","Persons","7128045"
"Lao People's Democratic Republic","2019","Persons","7237636"
"Lao People's Democratic Republic","2020","Persons","7346533"
"Lao People's Democratic Republic","2021","Persons","7453194"
"Lao People's Democratic Republic","2022","Persons","7559007"
"Lao People's Democratic Republic","2023","Persons","7664993"
"Lao People's Democratic Republic","2024","Persons","7769819"
"Latvia","2014","Persons","1994149"
"Latvia","2015","Persons","1977867"
"Latvia","2016","Persons","1959863"
"Latvia","2017","Persons","1942594"
"Latvia","2018","Persons","1927588"
"Latvia","2019","Persons","1914263"
"Latvia","2020","Persons","1901123"
"Latvia","2021","Persons","1885587"
"Latvia","2022","Persons","1881063"
"Latvia","2023","Persons","1882396"
"Latvia","2024","Persons","1871871"
"Lebanon","2014","Persons","6346990"
"Lebanon","2015","Persons","6472469"
"Lebanon","2016","Persons","6323060"
"Lebanon","2017","Persons","6160128"
"Lebanon","2018","Persons","5984119"
"Lebanon","2019","Persons","5794594"
"Lebanon","2020","Persons","5702398"
"Lebanon","2021","Persons","5718122"
"Lebanon","2022","Persons","5744489"
"Lebanon","2023","Persons","5773493"
"Lebanon","2024","Persons","5805962"
"Lesotho","2014","Persons","2080089"
"Lesotho","2015","Persons","2104611"
"Lesotho","2016","Persons","2130422"
"Lesotho","2017","Persons","2157110"
"Lesotho","2018","Persons","2183603"
"Lesotho","2019","Persons","2209405"
"Lesotho","2020","Persons","2235727"
"Lesotho","2021","Persons","2261542"
"Lesotho","2022","Persons","2286110"
"Lesotho","2023","Persons","2311472"
"Lesotho","2024","Persons","2337423"
"Liberia","2014","Persons","4564293"
"Liberia","2015","Persons","4659431"
"Liberia","2016","Persons","4755608"
"Liberia","2017","Persons","4848925"
"Liberia","2018","Persons","4944726"
"Liberia","2019","Persons","5043721"
"Liberia","2020","Persons","5149463"
"Liberia","2021","Persons","5259323"
"Liberia","2022","Persons","5373294"
"Liberia","2023","Persons","5493031"
"Liberia","2024","Persons","5612817"
"Libya","2014","Persons","6427252"
"Libya","2015","Persons","6531819"
"Libya","2016","Persons","6632126"
"Libya","2017","Persons","6738770"
"Libya","2018","Persons","6849055"
"Libya","2019","Persons","6951033"
"Libya","2020","Persons","7045399"
"Libya","2021","Persons","7135175"
"Libya","2022","Persons","7223805"
"Libya","2023","Persons","7305659"
"Libya","2024","Persons","7381023"
"Liechtenstein","2014","Persons","37163"
"Liechtenstein","2015","Persons","37400"
"Liechtenstein","2016","Persons","37615"
"Liechtenstein","2017","Persons","37850"
"Liechtenstein","2018","Persons","38129"
"Liechtenstein","2019","Persons","38440"
"Liechtenstein","2020","Persons","38767"
"Liechtenstein","2021","Persons","39044"
"Liechtenstein","2022","Persons","39317"
"Liechtenstein","2023","Persons","39598"
"Liechtenstein","2024","Persons","39870"
"Lithuania","2014","Persons","2933168"
"Lithuania","2015","Persons","2905764"
"Lithuania","2016","Persons","2869110"
"Lithuania","2017","Persons","2829313"
"Lithuania","2018","Persons","2802478"
"Lithuania","2019","Persons","2795058"
"Lithuania","2020","Persons","2795765"
"Lithuania","2021","Persons","2794488"
"Lithuania","2022","Persons","2816919"
"Lithuania","2023","Persons","2854099"
"Lithuania","2024","Persons","2859110"
"Luxembourg","2014","Persons","556279"
"Luxembourg","2015","Persons","569536"
"Luxembourg","2016","Persons","583506"
"Luxembourg","2017","Persons","596495"
"Luxembourg","2018","Persons","608101"
"Luxembourg","2019","Persons","620163"
"Luxembourg","2020","Persons","630597"
"Luxembourg","2021","Persons","640274"
"Luxembourg","2022","Persons","653313"
"Luxembourg","2023","Persons","665098"
"Luxembourg","2024","Persons","673036"
"Madagascar","2014","Persons","24764348"
"Madagascar","2015","Persons","25426702"
"Madagascar","2016","Persons","26099952"
"Madagascar","2017","Persons","26788375"
"Madagascar","2018","Persons","27494926"
"Madagascar","2019","Persons","28219554"
"Madagascar","2020","Persons","28953556"
"Madagascar","2021","Persons","29691083"
"Madagascar","2022","Persons","30437261"
"Madagascar","2023","Persons","31195932"
"Madagascar","2024","Persons","31964956"
"Malawi","2014","Persons","16621538"
"Malawi","2015","Persons","17085587"
"Malawi","2016","Persons","17557739"
"Malawi","2017","Persons","18039715"
"Malawi","2018","Persons","18528081"
"Malawi","2019","Persons","19025752"
"Malawi","2020","Persons","19533888"
"Malawi","2021","Persons","20047258"
"Malawi","2022","Persons","20568728"
"Malawi","2023","Persons","21104482"
"Malawi","2024","Persons","21655286"
"Malaysia","2014","Persons","30696137"
"Malaysia","2015","Persons","31232798"
"Malaysia","2016","Persons","31789685"
"Malaysia","2017","Persons","32355644"
"Malaysia","2018","Persons","32910967"
"Malaysia","2019","Persons","33440596"
"Malaysia","2020","Persons","33889558"
"Malaysia","2021","Persons","34282399"
"Malaysia","2022","Persons","34695493"
"Malaysia","2023","Persons","35126298"
"Malaysia","2024","Persons","35557673"
"Maldives","2014","Persons","413617"
"Maldives","2015","Persons","428154"
"Maldives","2016","Persons","443308"
"Maldives","2017","Persons","458287"
"Maldives","2018","Persons","473099"
"Maldives","2019","Persons","487731"
"Maldives","2020","Persons","502118"
"Maldives","2021","Persons","516154"
"Maldives","2022","Persons","524106"
"Maldives","2023","Persons","525994"
"Maldives","2024","Persons","527799"
"Mali","2014","Persons","18020267"
"Mali","2015","Persons","18593022"
"Mali","2016","Persons","19191289"
"Mali","2017","Persons","19813011"
"Mali","2018","Persons","20442030"
"Mali","2019","Persons","21068405"
"Mali","2020","Persons","21713836"
"Mali","2021","Persons","22388630"
"Mali","2022","Persons","23072640"
"Mali","2023","Persons","23769127"
"Mali","2024","Persons","24478595"
"Malta","2014","Persons","434485"
"Malta","2015","Persons","444981"
"Malta","2016","Persons","455269"
"Malta","2017","Persons","467902"
"Malta","2018","Persons","484558"
"Malta","2019","Persons","504015"
"Malta","2020","Persons","518207"
"Malta","2021","Persons","524376"
"Malta","2022","Persons","528192"
"Malta","2023","Persons","532956"
"Malta","2024","Persons","539607"
"Marshall Islands","2014","Persons","49796"
"Marshall Islands","2015","Persons","48800"
"Marshall Islands","2016","Persons","47709"
"Marshall Islands","2017","Persons","46529"
"Marshall Islands","2018","Persons","45285"
"Marshall Islands","2019","Persons","44007"
"Marshall Islands","2020","Persons","42706"
"Marshall Islands","2021","Persons","41367"
"Marshall Islands","2022","Persons","40077"
"Marshall Islands","2023","Persons","38827"
"Marshall Islands","2024","Persons","37548"
"Mauritania","2014","Persons","3848514"
"Mauritania","2015","Persons","3965959"
"Mauritania","2016","Persons","4086657"
"Mauritania","2017","Persons","4210600"
"Mauritania","2018","Persons","4337685"
"Mauritania","2019","Persons","4467708"
"Mauritania","2020","Persons","4600131"
"Mauritania","2021","Persons","4734874"
"Mauritania","2022","Persons","4875637"
"Mauritania","2023","Persons","5022441"
"Mauritania","2024","Persons","5169395"
"Mauritius","2014","Persons","1292005"
"Mauritius","2015","Persons","1292275"
"Mauritius","2016","Persons","1291803"
"Mauritius","2017","Persons","1290655"
"Mauritius","2018","Persons","1288833"
"Mauritius","2019","Persons","1286270"
"Mauritius","2020","Persons","1283223"
"Mauritius","2021","Persons","1279623"
"Mauritius","2022","Persons","1276130"
"Mauritius","2023","Persons","1273588"
"Mauritius","2024","Persons","1271169"
"Mexico","2014","Persons","119784261"
"Mexico","2015","Persons","121072306"
"Mexico","2016","Persons","122251351"
"Mexico","2017","Persons","123400057"
"Mexico","2018","Persons","124573711"
"Mexico","2019","Persons","125762982"
"Mexico","2020","Persons","126799054"
"Mexico","2021","Persons","127648148"
"Mexico","2022","Persons","128613117"
"Mexico","2023","Persons","129739759"
"Mexico","2024","Persons","130861007"
"Micronesia (Federated States of)","2014","Persons","108396"
"Micronesia (Federated States of)","2015","Persons","108716"
"Micronesia (Federated States of)","2016","Persons","109075"
"Micronesia (Federated States of)","2017","Persons","109481"
"Micronesia (Federated States of)","2018","Persons","109909"
"Micronesia (Federated States of)","2019","Persons","110282"
"Micronesia (Federated States of)","2020","Persons","110916"
"Micronesia (Federated States of)","2021","Persons","111624"
"Micronesia (Federated States of)","2022","Persons","112114"
"Micronesia (Federated States of)","2023","Persons","112630"
"Micronesia (Federated States of)","2024","Persons","113160"
"Monaco","2014","Persons","36128"
"Monaco","2015","Persons","36757"
"Monaco","2016","Persons","37276"
"Monaco","2017","Persons","37678"
"Monaco","2018","Persons","38154"
"Monaco","2019","Persons","38109"
"Monaco","2020","Persons","38050"
"Monaco","2021","Persons","38527"
"Monaco","2022","Persons","38931"
"Monaco","2023","Persons","38956"
"Monaco","2024","Persons","38631"
"Mongolia","2014","Persons","2913039"
"Mongolia","2015","Persons","2976526"
"Mongolia","2016","Persons","3040812"
"Mongolia","2017","Persons","3104364"
"Mongolia","2018","Persons","3167706"
"Mongolia","2019","Persons","3232113"
"Mongolia","2020","Persons","3290785"
"Mongolia","2021","Persons","3339674"
"Mongolia","2022","Persons","3386015"
"Mongolia","2023","Persons","3431932"
"Mongolia","2024","Persons","3475540"
"Montenegro","2014","Persons","631375"
"Montenegro","2015","Persons","628145"
"Montenegro","2016","Persons","624249"
"Montenegro","2017","Persons","620114"
"Montenegro","2018","Persons","615795"
"Montenegro","2019","Persons","611667"
"Montenegro","2020","Persons","607935"
"Montenegro","2021","Persons","603851"
"Montenegro","2022","Persons","614648"
"Montenegro","2023","Persons","633552"
"Montenegro","2024","Persons","638479"
"Montserrat","2014","Persons","4711"
"Montserrat","2015","Persons","4673"
"Montserrat","2016","Persons","4638"
"Montserrat","2017","Persons","4603"
"Montserrat","2018","Persons","4569"
"Montserrat","2019","Persons","4540"
"Montserrat","2020","Persons","4508"
"Montserrat","2021","Persons","4479"
"Montserrat","2022","Persons","4453"
"Montserrat","2023","Persons","4420"
"Montserrat","2024","Persons","4389"
"Morocco","2014","Persons","34204780"
"Morocco","2015","Persons","34607588"
"Morocco","2016","Persons","35023457"
"Morocco","2017","Persons","35446392"
"Morocco","2018","Persons","35839760"
"Morocco","2019","Persons","36210898"
"Morocco","2020","Persons","36584208"
"Morocco","2021","Persons","36954442"
"Morocco","2022","Persons","37329064"
"Morocco","2023","Persons","37712505"
"Morocco","2024","Persons","38081173"
"Mozambique","2014","Persons","25788475"
"Mozambique","2015","Persons","26547572"
"Mozambique","2016","Persons","27337105"
"Mozambique","2017","Persons","28166393"
"Mozambique","2018","Persons","29018644"
"Mozambique","2019","Persons","29884380"
"Mozambique","2020","Persons","30783688"
"Mozambique","2021","Persons","31707800"
"Mozambique","2022","Persons","32656246"
"Mozambique","2023","Persons","33635160"
"Mozambique","2024","Persons","34631766"
"Myanmar","2014","Persons","50681634"
"Myanmar","2015","Persons","51089056"
"Myanmar","2016","Persons","51495696"
"Myanmar","2017","Persons","51894938"
"Myanmar","2018","Persons","52272247"
"Myanmar","2019","Persons","52640713"
"Myanmar","2020","Persons","53016522"
"Myanmar","2021","Persons","53387102"
"Myanmar","2022","Persons","53756787"
"Myanmar","2023","Persons","54133798"
"Myanmar","2024","Persons","54500091"
"Namibia","2014","Persons","2312139"
"Namibia","2015","Persons","2374300"
"Namibia","2016","Persons","2439213"
"Namibia","2017","Persons","2506853"
"Namibia","2018","Persons","2577327"
"Namibia","2019","Persons","2650494"
"Namibia","2020","Persons","2728762"
"Namibia","2021","Persons","2810548"
"Namibia","2022","Persons","2889662"
"Namibia","2023","Persons","2963095"
"Namibia","2024","Persons","3030131"
"Nauru","2014","Persons","10742"
"Nauru","2015","Persons","10954"
"Nauru","2016","Persons","11150"
"Nauru","2017","Persons","11324"
"Nauru","2018","Persons","11477"
"Nauru","2019","Persons","11587"
"Nauru","2020","Persons","11643"
"Nauru","2021","Persons","11709"
"Nauru","2022","Persons","11801"
"Nauru","2023","Persons","11875"
"Nauru","2024","Persons","11947"
"Nepal","2014","Persons","27672370"
"Nepal","2015","Persons","27823629"
"Nepal","2016","Persons","27955462"
"Nepal","2017","Persons","28011258"
"Nepal","2018","Persons","28079689"
"Nepal","2019","Persons","28414064"
"Nepal","2020","Persons","28966574"
"Nepal","2021","Persons","29475010"
"Nepal","2022","Persons","29715436"
"Nepal","2023","Persons","29694614"
"Nepal","2024","Persons","29651054"
"Netherlands","2014","Persons","17030089"
"Netherlands","2015","Persons","17107433"
"Netherlands","2016","Persons","17204693"
"Netherlands","2017","Persons","17315370"
"Netherlands","2018","Persons","17421280"
"Netherlands","2019","Persons","17537507"
"Netherlands","2020","Persons","17636731"
"Netherlands","2021","Persons","17730564"
"Netherlands","2022","Persons","17904421"
"Netherlands","2023","Persons","18092524"
"Netherlands","2024","Persons","18228742"
"New Caledonia","2014","Persons","281224"
"New Caledonia","2015","Persons","283168"
"New Caledonia","2016","Persons","283423"
"New Caledonia","2017","Persons","283546"
"New Caledonia","2018","Persons","283541"
"New Caledonia","2019","Persons","283606"
"New Caledonia","2020","Persons","284176"
"New Caledonia","2021","Persons","285214"
"New Caledonia","2022","Persons","287123"
"New Caledonia","2023","Persons","289870"
"New Caledonia","2024","Persons","292639"
"New Zealand","2014","Persons","4522983"
"New Zealand","2015","Persons","4614029"
"New Zealand","2016","Persons","4714770"
"New Zealand","2017","Persons","4812752"
"New Zealand","2018","Persons","4900847"
"New Zealand","2019","Persons","4989403"
"New Zealand","2020","Persons","5069895"
"New Zealand","2021","Persons","5107697"
"New Zealand","2022","Persons","5131734"
"New Zealand","2023","Persons","5172836"
"New Zealand","2024","Persons","5213944"
"Nicaragua","2014","Persons","6066492"
"Nicaragua","2015","Persons","6149417"
"Nicaragua","2016","Persons","6232666"
"Nicaragua","2017","Persons","6316231"
"Nicaragua","2018","Persons","6400080"
"Nicaragua","2019","Persons","6483657"
"Nicaragua","2020","Persons","6565267"
"Nicaragua","2021","Persons","6644741"
"Nicaragua","2022","Persons","6730654"
"Nicaragua","2023","Persons","6823613"
"Nicaragua","2024","Persons","6916140"
"Niger","2014","Persons","19215909"
"Niger","2015","Persons","19939498"
"Niger","2016","Persons","20685753"
"Niger","2017","Persons","21435446"
"Niger","2018","Persons","22188069"
"Niger","2019","Persons","22947757"
"Niger","2020","Persons","23717613"
"Niger","2021","Persons","24502140"
"Niger","2022","Persons","25311973"
"Niger","2023","Persons","26159867"
"Niger","2024","Persons","27032412"
"Nigeria","2014","Persons","185896915"
"Nigeria","2015","Persons","190671878"
"Nigeria","2016","Persons","195443700"
"Nigeria","2017","Persons","200254579"
"Nigeria","2018","Persons","204938755"
"Nigeria","2019","Persons","209485641"
"Nigeria","2020","Persons","213996181"
"Nigeria","2021","Persons","218529286"
"Nigeria","2022","Persons","223150896"
"Nigeria","2023","Persons","227882945"
"Nigeria","2024","Persons","232679478"
"Norway","2014","Persons","5137395"
"Norway","2015","Persons","5189771"
"Norway","2016","Persons","5235983"
"Norway","2017","Persons","5276802"
"Norway","2018","Persons","5311752"
"Norway","2019","Persons","5347730"
"Norway","2020","Persons","5379274"
"Norway","2021","Persons","5408091"
"Norway","2022","Persons","5456801"
"Norway","2023","Persons","5519167"
"Norway","2024","Persons","5576660"
"Oman","2014","Persons","4002439"
"Oman","2015","Persons","4184895"
"Oman","2016","Persons","4390877"
"Oman","2017","Persons","4537396"
"Oman","2018","Persons","4597877"
"Oman","2019","Persons","4591241"
"Oman","2020","Persons","4522497"
"Oman","2021","Persons","4500424"
"Oman","2022","Persons","4730226"
"Oman","2023","Persons","5049269"
"Oman","2024","Persons","5281538"
"Pakistan","2014","Persons","214264647"
"Pakistan","2015","Persons","217290883"
"Pakistan","2016","Persons","220138869"
"Pakistan","2017","Persons","223273967"
"Pakistan","2018","Persons","226928892"
"Pakistan","2019","Persons","230800899"
"Pakistan","2020","Persons","235001746"
"Pakistan","2021","Persons","239477801"
"Pakistan","2022","Persons","243700667"
"Pakistan","2023","Persons","247504495"
"Pakistan","2024","Persons","251269164"
"Palau","2014","Persons","17715"
"Palau","2015","Persons","17770"
"Palau","2016","Persons","17797"
"Palau","2017","Persons","17812"
"Palau","2018","Persons","17814"
"Palau","2019","Persons","17798"
"Palau","2020","Persons","17792"
"Palau","2021","Persons","17783"
"Palau","2022","Persons","17759"
"Palau","2023","Persons","17727"
"Palau","2024","Persons","17695"
"Panama","2014","Persons","3892101"
"Panama","2015","Persons","3960035"
"Panama","2016","Persons","4029086"
"Panama","2017","Persons","4098707"
"Panama","2018","Persons","4167860"
"Panama","2019","Persons","4234700"
"Panama","2020","Persons","4293261"
"Panama","2021","Persons","4345405"
"Panama","2022","Persons","4400773"
"Panama","2023","Persons","4458759"
"Panama","2024","Persons","4515577"
"Papua New Guinea","2014","Persons","8523441"
"Papua New Guinea","2015","Persons","8743246"
"Papua New Guinea","2016","Persons","8961718"
"Papua New Guinea","2017","Persons","9178714"
"Papua New Guinea","2018","Persons","9394513"
"Papua New Guinea","2019","Persons","9609010"
"Papua New Guinea","2020","Persons","9815746"
"Papua New Guinea","2021","Persons","10012896"
"Papua New Guinea","2022","Persons","10203169"
"Papua New Guinea","2023","Persons","10389635"
"Papua New Guinea","2024","Persons","10576502"
"Paraguay","2014","Persons","6069811"
"Paraguay","2015","Persons","6159103"
"Paraguay","2016","Persons","6249126"
"Paraguay","2017","Persons","6338660"
"Paraguay","2018","Persons","6427382"
"Paraguay","2019","Persons","6515058"
"Paraguay","2020","Persons","6603739"
"Paraguay","2021","Persons","6684182"
"Paraguay","2022","Persons","6760464"
"Paraguay","2023","Persons","6844146"
"Paraguay","2024","Persons","6929153"
"Peru","2014","Persons","30115826"
"Peru","2015","Persons","30457600"
"Peru","2016","Persons","30866494"
"Peru","2017","Persons","31324637"
"Peru","2018","Persons","31897584"
"Peru","2019","Persons","32449303"
"Peru","2020","Persons","32838579"
"Peru","2021","Persons","33155882"
"Peru","2022","Persons","33475438"
"Peru","2023","Persons","33845617"
"Peru","2024","Persons","34217848"
"Philippines","2014","Persons","103767130"
"Philippines","2015","Persons","105312992"
"Philippines","2016","Persons","106735719"
"Philippines","2017","Persons","108119693"
"Philippines","2018","Persons","109465287"
"Philippines","2019","Persons","110804683"
"Philippines","2020","Persons","112081264"
"Philippines","2021","Persons","113100950"
"Philippines","2022","Persons","113964338"
"Philippines","2023","Persons","114891199"
"Philippines","2024","Persons","115843670"
"Poland","2014","Persons","38265113"
"Poland","2015","Persons","38266314"
"Poland","2016","Persons","38263265"
"Poland","2017","Persons","38254959"
"Poland","2018","Persons","38241071"
"Poland","2019","Persons","38225885"
"Poland","2020","Persons","38171012"
"Poland","2021","Persons","38040302"
"Poland","2022","Persons","38385739"
"Poland","2023","Persons","38762844"
"Poland","2024","Persons","38539201"
"Portugal","2014","Persons","10406199"
"Portugal","2015","Persons","10370267"
"Portugal","2016","Persons","10346372"
"Portugal","2017","Persons","10330844"
"Portugal","2018","Persons","10325353"
"Portugal","2019","Persons","10343213"
"Portugal","2020","Persons","10370519"
"Portugal","2021","Persons","10390956"
"Portugal","2022","Persons","10417073"
"Portugal","2023","Persons","10430738"
"Portugal","2024","Persons","10425292"
"Puerto Rico","2014","Persons","3565367"
"Puerto Rico","2015","Persons","3521811"
"Puerto Rico","2016","Persons","3476008"
"Puerto Rico","2017","Persons","3371874"
"Puerto Rico","2018","Persons","3290068"
"Puerto Rico","2019","Persons","3288028"
"Puerto Rico","2020","Persons","3275805"
"Puerto Rico","2021","Persons","3253210"
"Puerto Rico","2022","Persons","3240968"
"Puerto Rico","2023","Persons","3242023"
"Puerto Rico","2024","Persons","3242204"
"Qatar","2014","Persons","2218372"
"Qatar","2015","Persons","2427331"
"Qatar","2016","Persons","2599372"
"Qatar","2017","Persons","2706709"
"Qatar","2018","Persons","2761142"
"Qatar","2019","Persons","2797921"
"Qatar","2020","Persons","2803375"
"Qatar","2021","Persons","2814982"
"Qatar","2022","Persons","2892455"
"Qatar","2023","Persons","2979082"
"Qatar","2024","Persons","3048423"
"Republic of Korea","2014","Persons","50539056"
"Republic of Korea","2015","Persons","50983912"
"Republic of Korea","2016","Persons","51297839"
"Republic of Korea","2017","Persons","51486270"
"Republic of Korea","2018","Persons","51640894"
"Republic of Korea","2019","Persons","51767846"
"Republic of Korea","2020","Persons","51858482"
"Republic of Korea","2021","Persons","51848397"
"Republic of Korea","2022","Persons","51782512"
"Republic of Korea","2023","Persons","51748739"
"Republic of Korea","2024","Persons","51717590"
"Republic of Moldova","2014","Persons","3342709"
"Republic of Moldova","2015","Persons","3287164"
"Republic of Moldova","2016","Persons","3237794"
"Republic of Moldova","2017","Persons","3193497"
"Republic of Moldova","2018","Persons","3153773"
"Republic of Moldova","2019","Persons","3112562"
"Republic of Moldova","2020","Persons","3069131"
"Republic of Moldova","2021","Persons","3023778"
"Republic of Moldova","2022","Persons","3039985"
"Republic of Moldova","2023","Persons","3067070"
"Republic of Moldova","2024","Persons","3034961"
"Republic of North Macedonia","2014","Persons","1997833"
"Republic of North Macedonia","2015","Persons","1980366"
"Republic of North Macedonia","2016","Persons","1961259"
"Republic of North Macedonia","2017","Persons","1940879"
"Republic of North Macedonia","2018","Persons","1919728"
"Republic of North Macedonia","2019","Persons","1897641"
"Republic of North Macedonia","2020","Persons","1872015"
"Republic of North Macedonia","2021","Persons","1851108"
"Republic of North Macedonia","2022","Persons","1840233"
"Republic of North Macedonia","2023","Persons","1831802"
"Republic of North Macedonia","2024","Persons","1823009"
"Romania","2014","Persons","19968174"
"Romania","2015","Persons","19871019"
"Romania","2016","Persons","19777051"
"Romania","2017","Persons","19689401"
"Romania","2018","Persons","19597872"
"Romania","2019","Persons","19501542"
"Romania","2020","Persons","19392469"
"Romania","2021","Persons","19248161"
"Romania","2022","Persons","19166772"
"Romania","2023","Persons","19118479"
"Romania","2024","Persons","19015088"
"Russian Federation","2014","Persons","144925638"
"Russian Federation","2015","Persons","145307616"
"Russian Federation","2016","Persons","145778677"
"Russian Federation","2017","Persons","146186799"
"Russian Federation","2018","Persons","146430146"
"Russian Federation","2019","Persons","146533067"
"Russian Federation","2020","Persons","146371299"
"Russian Federation","2021","Persons","145836175"
"Russian Federation","2022","Persons","145579899"
"Russian Federation","2023","Persons","145440500"
"Russian Federation","2024","Persons","144820423"
"Rwanda","2014","Persons","11364757"
"Rwanda","2015","Persons","11640022"
"Rwanda","2016","Persons","11919183"
"Rwanda","2017","Persons","12202060"
"Rwanda","2018","Persons","12487996"
"Rwanda","2019","Persons","12776103"
"Rwanda","2020","Persons","13065837"
"Rwanda","2021","Persons","13355260"
"Rwanda","2022","Persons","13651030"
"Rwanda","2023","Persons","13954471"
"Rwanda","2024","Persons","14256567"
"Saint Kitts and Nevis","2014","Persons","47089"
"Saint Kitts and Nevis","2015","Persons","47087"
"Saint Kitts and Nevis","2016","Persons","47075"
"Saint Kitts and Nevis","2017","Persons","47050"
"Saint Kitts and Nevis","2018","Persons","47008"
"Saint Kitts and Nevis","2019","Persons","46952"
"Saint Kitts and Nevis","2020","Persons","46870"
"Saint Kitts and Nevis","2021","Persons","46763"
"Saint Kitts and Nevis","2022","Persons","46709"
"Saint Kitts and Nevis","2023","Persons","46758"
"Saint Kitts and Nevis","2024","Persons","46843"
"Saint Lucia","2014","Persons","174138"
"Saint Lucia","2015","Persons","174905"
"Saint Lucia","2016","Persons","175646"
"Saint Lucia","2017","Persons","176342"
"Saint Lucia","2018","Persons","177017"
"Saint Lucia","2019","Persons","177661"
"Saint Lucia","2020","Persons","178250"
"Saint Lucia","2021","Persons","178522"
"Saint Lucia","2022","Persons","178781"
"Saint Lucia","2023","Persons","179285"
"Saint Lucia","2024","Persons","179744"
"Saint Vincent and the Grenadines","2014","Persons","107535"
"Saint Vincent and the Grenadines","2015","Persons","106960"
"Saint Vincent and the Grenadines","2016","Persons","106349"
"Saint Vincent and the Grenadines","2017","Persons","105663"
"Saint Vincent and the Grenadines","2018","Persons","104926"
"Saint Vincent and the Grenadines","2019","Persons","104167"
"Saint Vincent and the Grenadines","2020","Persons","103526"
"Saint Vincent and the Grenadines","2021","Persons","102841"
"Saint Vincent and the Grenadines","2022","Persons","102046"
"Saint Vincent and the Grenadines","2023","Persons","101323"
"Saint Vincent and the Grenadines","2024","Persons","100616"
"Samoa","2014","Persons","200037"
"Samoa","2015","Persons","201782"
"Samoa","2016","Persons","203499"
"Samoa","2017","Persons","205415"
"Samoa","2018","Persons","207582"
"Samoa","2019","Persons","209780"
"Samoa","2020","Persons","211944"
"Samoa","2021","Persons","213779"
"Samoa","2022","Persons","215261"
"Samoa","2023","Persons","216663"
"Samoa","2024","Persons","218019"
"San Marino","2014","Persons","33725"
"San Marino","2015","Persons","33901"
"San Marino","2016","Persons","34161"
"San Marino","2017","Persons","34378"
"San Marino","2018","Persons","34529"
"San Marino","2019","Persons","34653"
"San Marino","2020","Persons","34769"
"San Marino","2021","Persons","34572"
"San Marino","2022","Persons","34090"
"San Marino","2023","Persons","33733"
"San Marino","2024","Persons","33581"
"Sao Tome and Principe","2014","Persons","196767"
"Sao Tome and Principe","2015","Persons","200291"
"Sao Tome and Principe","2016","Persons","203689"
"Sao Tome and Principe","2017","Persons","206970"
"Sao Tome and Principe","2018","Persons","210187"
"Sao Tome and Principe","2019","Persons","213392"
"Sao Tome and Principe","2020","Persons","217435"
"Sao Tome and Principe","2021","Persons","221961"
"Sao Tome and Principe","2022","Persons","226305"
"Sao Tome and Principe","2023","Persons","230871"
"Sao Tome and Principe","2024","Persons","235536"
"Saudi Arabia","2014","Persons","28998128"
"Saudi Arabia","2015","Persons","29974938"
"Saudi Arabia","2016","Persons","30717808"
"Saudi Arabia","2017","Persons","30782402"
"Saudi Arabia","2018","Persons","30365121"
"Saudi Arabia","2019","Persons","30472811"
"Saudi Arabia","2020","Persons","30991207"
"Saudi Arabia","2021","Persons","31328375"
"Saudi Arabia","2022","Persons","32175352"
"Saudi Arabia","2023","Persons","33264292"
"Saudi Arabia","2024","Persons","33962757"
"Senegal","2014","Persons","14152102"
"Senegal","2015","Persons","14593331"
"Senegal","2016","Persons","15034521"
"Senegal","2017","Persons","15475002"
"Senegal","2018","Persons","15914498"
"Senegal","2019","Persons","16352922"
"Senegal","2020","Persons","16789219"
"Senegal","2021","Persons","17220867"
"Senegal","2022","Persons","17651103"
"Senegal","2023","Persons","18077573"
"Senegal","2024","Persons","18501984"
"Serbia","2014","Persons","7227203"
"Serbia","2015","Persons","7177253"
"Serbia","2016","Persons","7126083"
"Serbia","2017","Persons","7073507"
"Serbia","2018","Persons","7020019"
"Serbia","2019","Persons","6966153"
"Serbia","2020","Persons","6907812"
"Serbia","2021","Persons","6835430"
"Serbia","2022","Persons","6791213"
"Serbia","2023","Persons","6773201"
"Serbia","2024","Persons","6736216"
"Seychelles","2014","Persons","104654"
"Seychelles","2015","Persons","107230"
"Seychelles","2016","Persons","109821"
"Seychelles","2017","Persons","112427"
"Seychelles","2018","Persons","115040"
"Seychelles","2019","Persons","117650"
"Seychelles","2020","Persons","120291"
"Seychelles","2021","Persons","122987"
"Seychelles","2022","Persons","125522"
"Seychelles","2023","Persons","127951"
"Seychelles","2024","Persons","130418"
"Sierra Leone","2014","Persons","6876385"
"Sierra Leone","2015","Persons","7037655"
"Sierra Leone","2016","Persons","7205328"
"Sierra Leone","2017","Persons","7379299"
"Sierra Leone","2018","Persons","7554563"
"Sierra Leone","2019","Persons","7731991"
"Sierra Leone","2020","Persons","7912558"
"Sierra Leone","2021","Persons","8094602"
"Sierra Leone","2022","Persons","8276807"
"Sierra Leone","2023","Persons","8460512"
"Sierra Leone","2024","Persons","8642022"
"Singapore","2014","Persons","5457900"
"Singapore","2015","Persons","5525340"
"Singapore","2016","Persons","5577930"
"Singapore","2017","Persons","5604078"
"Singapore","2018","Persons","5634369"
"Singapore","2019","Persons","5669563"
"Singapore","2020","Persons","5620150"
"Singapore","2021","Persons","5546290"
"Singapore","2022","Persons","5649885"
"Singapore","2023","Persons","5789090"
"Singapore","2024","Persons","5832387"
"Sint Maarten (Dutch part)","2014","Persons","36672"
"Sint Maarten (Dutch part)","2015","Persons","37471"
"Sint Maarten (Dutch part)","2016","Persons","38249"
"Sint Maarten (Dutch part)","2017","Persons","38996"
"Sint Maarten (Dutch part)","2018","Persons","39712"
"Sint Maarten (Dutch part)","2019","Persons","40385"
"Sint Maarten (Dutch part)","2020","Persons","41008"
"Sint Maarten (Dutch part)","2021","Persons","41571"
"Sint Maarten (Dutch part)","2022","Persons","42139"
"Sint Maarten (Dutch part)","2023","Persons","42749"
"Sint Maarten (Dutch part)","2024","Persons","43350"
"Slovakia","2014","Persons","5415230"
"Slovakia","2015","Persons","5420278"
"Slovakia","2016","Persons","5427259"
"Slovakia","2017","Persons","5435700"
"Slovakia","2018","Persons","5443232"
"Slovakia","2019","Persons","5450626"
"Slovakia","2020","Persons","5455024"
"Slovakia","2021","Persons","5442759"
"Slovakia","2022","Persons","5473197"
"Slovakia","2023","Persons","5518055"
"Slovakia","2024","Persons","5506760"
"Slovenia","2014","Persons","2058401"
"Slovenia","2015","Persons","2059947"
"Slovenia","2016","Persons","2061373"
"Slovenia","2017","Persons","2062410"
"Slovenia","2018","Persons","2069481"
"Slovenia","2019","Persons","2083439"
"Slovenia","2020","Persons","2102419"
"Slovenia","2021","Persons","2113494"
"Slovenia","2022","Persons","2115228"
"Slovenia","2023","Persons","2118396"
"Slovenia","2024","Persons","2118697"
"Solomon Islands","2014","Persons","616908"
"Solomon Islands","2015","Persons","639415"
"Solomon Islands","2016","Persons","662379"
"Solomon Islands","2017","Persons","685672"
"Solomon Islands","2018","Persons","709101"
"Solomon Islands","2019","Persons","728147"
"Solomon Islands","2020","Persons","744498"
"Solomon Islands","2021","Persons","762591"
"Solomon Islands","2022","Persons","781066"
"Solomon Islands","2023","Persons","800005"
"Solomon Islands","2024","Persons","819198"
"Somalia","2014","Persons","13339491"
"Somalia","2015","Persons","13806963"
"Somalia","2016","Persons","14348740"
"Somalia","2017","Persons","14916629"
"Somalia","2018","Persons","15452487"
"Somalia","2019","Persons","16030971"
"Somalia","2020","Persons","16651191"
"Somalia","2021","Persons","17271431"
"Somalia","2022","Persons","17801897"
"Somalia","2023","Persons","18358615"
"Somalia","2024","Persons","19009151"
"South Africa","2014","Persons","55594838"
"South Africa","2015","Persons","56723537"
"South Africa","2016","Persons","57259551"
"South Africa","2017","Persons","57635162"
"South Africa","2018","Persons","58613001"
"South Africa","2019","Persons","59587885"
"South Africa","2020","Persons","60562381"
"South Africa","2021","Persons","61502603"
"South Africa","2022","Persons","62378410"
"South Africa","2023","Persons","63212384"
"South Africa","2024","Persons","64007187"
"South Sudan","2014","Persons","11235073"
"South Sudan","2015","Persons","11107561"
"South Sudan","2016","Persons","10830102"
"South Sudan","2017","Persons","10259154"
"South Sudan","2018","Persons","10122977"
"South Sudan","2019","Persons","10423384"
"South Sudan","2020","Persons","10698467"
"South Sudan","2021","Persons","10865780"
"South Sudan","2022","Persons","11021177"
"South Sudan","2023","Persons","11483374"
"South Sudan","2024","Persons","11943408"
"Spain","2014","Persons","46720188"
"Spain","2015","Persons","46683686"
"Spain","2016","Persons","46732771"
"Spain","2017","Persons","46868596"
"Spain","2018","Persons","47092821"
"Spain","2019","Persons","47435119"
"Spain","2020","Persons","47679489"
"Spain","2021","Persons","47735664"
"Spain","2022","Persons","47828382"
"Spain","2023","Persons","47911579"
"Spain","2024","Persons","47910526"
"Sri Lanka","2014","Persons","21547456"
"Sri Lanka","2015","Persons","21729971"
"Sri Lanka","2016","Persons","21910772"
"Sri Lanka","2017","Persons","22087522"
"Sri Lanka","2018","Persons","22253118"
"Sri Lanka","2019","Persons","22410552"
"Sri Lanka","2020","Persons","22561807"
"Sri Lanka","2021","Persons","22700372"
"Sri Lanka","2022","Persons","22834965"
"Sri Lanka","2023","Persons","22971617"
"Sri Lanka","2024","Persons","23103565"
"State of Palestine","2014","Persons","4415882"
"State of Palestine","2015","Persons","4521565"
"State of Palestine","2016","Persons","4632739"
"State of Palestine","2017","Persons","4742743"
"State of Palestine","2018","Persons","4850592"
"State of Palestine","2019","Persons","4957768"
"State of Palestine","2020","Persons","5069692"
"State of Palestine","2021","Persons","5185336"
"State of Palestine","2022","Persons","5305270"
"State of Palestine","2023","Persons","5409202"
"State of Palestine","2024","Persons","5495443"
"Sudan","2014","Persons","38823318"
"Sudan","2015","Persons","40024431"
"Sudan","2016","Persons","41259892"
"Sudan","2017","Persons","42714306"
"Sudan","2018","Persons","44230596"
"Sudan","2019","Persons","45548175"
"Sudan","2020","Persons","46789231"
"Sudan","2021","Persons","48066924"
"Sudan","2022","Persons","49383346"
"Sudan","2023","Persons","50042791"
"Sudan","2024","Persons","50448963"
"Suriname","2014","Persons","575373"
"Suriname","2015","Persons","581627"
"Suriname","2016","Persons","587757"
"Suriname","2017","Persons","593713"
"Suriname","2018","Persons","599513"
"Suriname","2019","Persons","605768"
"Suriname","2020","Persons","612317"
"Suriname","2021","Persons","617896"
"Suriname","2022","Persons","623164"
"Suriname","2023","Persons","628886"
"Suriname","2024","Persons","634431"
"Sweden","2014","Persons","9696433"
"Sweden","2015","Persons","9799481"
"Sweden","2016","Persons","9923280"
"Sweden","2017","Persons","10057862"
"Sweden","2018","Persons","10175405"
"Sweden","2019","Persons","10279125"
"Sweden","2020","Persons","10353686"
"Sweden","2021","Persons","10416131"
"Sweden","2022","Persons","10487338"
"Sweden","2023","Persons","10551494"
"Sweden","2024","Persons","10606999"
"Switzerland","2014","Persons","8190235"
"Switzerland","2015","Persons","8283934"
"Switzerland","2016","Persons","8374901"
"Switzerland","2017","Persons","8453628"
"Switzerland","2018","Persons","8516344"
"Switzerland","2019","Persons","8577524"
"Switzerland","2020","Persons","8640582"
"Switzerland","2021","Persons","8707023"
"Switzerland","2022","Persons","8792182"
"Switzerland","2023","Persons","8870561"
"Switzerland","2024","Persons","8921981"
"Syrian Arab Republic","2014","Persons","20273659"
"Syrian Arab Republic","2015","Persons","19424618"
"Syrian Arab Republic","2016","Persons","19193834"
"Syrian Arab Republic","2017","Persons","19224668"
"Syrian Arab Republic","2018","Persons","19577845"
"Syrian Arab Republic","2019","Persons","20353534"
"Syrian Arab Republic","2020","Persons","21049429"
"Syrian Arab Republic","2021","Persons","21628839"
"Syrian Arab Republic","2022","Persons","22462173"
"Syrian Arab Republic","2023","Persons","23594623"
"Syrian Arab Republic","2024","Persons","24672760"
"Tajikistan","2014","Persons","8425552"
"Tajikistan","2015","Persons","8643840"
"Tajikistan","2016","Persons","8865631"
"Tajikistan","2017","Persons","9085946"
"Tajikistan","2018","Persons","9307333"
"Tajikistan","2019","Persons","9529966"
"Tajikistan","2020","Persons","9749310"
"Tajikistan","2021","Persons","9966908"
"Tajikistan","2022","Persons","10182222"
"Tajikistan","2023","Persons","10389799"
"Tajikistan","2024","Persons","10590927"
"Thailand","2014","Persons","70216367"
"Thailand","2015","Persons","70540795"
"Thailand","2016","Persons","70859841"
"Thailand","2017","Persons","71160187"
"Thailand","2018","Persons","71376079"
"Thailand","2019","Persons","71522271"
"Thailand","2020","Persons","71641484"
"Thailand","2021","Persons","71727332"
"Thailand","2022","Persons","71735329"
"Thailand","2023","Persons","71702435"
"Thailand","2024","Persons","71668011"
"Timor-Leste","2014","Persons","1181903"
"Timor-Leste","2015","Persons","1205131"
"Timor-Leste","2016","Persons","1228312"
"Timor-Leste","2017","Persons","1251703"
"Timor-Leste","2018","Persons","1275959"
"Timor-Leste","2019","Persons","1300945"
"Timor-Leste","2020","Persons","1326053"
"Timor-Leste","2021","Persons","1350139"
"Timor-Leste","2022","Persons","1369295"
"Timor-Leste","2023","Persons","1384286"
"Timor-Leste","2024","Persons","1400638"
"Togo","2014","Persons","7472450"
"Togo","2015","Persons","7663195"
"Togo","2016","Persons","7858289"
"Togo","2017","Persons","8057140"
"Togo","2018","Persons","8258778"
"Togo","2019","Persons","8463068"
"Togo","2020","Persons","8669720"
"Togo","2021","Persons","8878379"
"Togo","2022","Persons","9089738"
"Togo","2023","Persons","9304337"
"Togo","2024","Persons","9515236"
"Tonga","2014","Persons","106609"
"Tonga","2015","Persons","106095"
"Tonga","2016","Persons","105524"
"Tonga","2017","Persons","105356"
"Tonga","2018","Persons","105567"
"Tonga","2019","Persons","105669"
"Tonga","2020","Persons","105704"
"Tonga","2021","Persons","105490"
"Tonga","2022","Persons","105042"
"Tonga","2023","Persons","104597"
"Tonga","2024","Persons","104175"
"Trinidad and Tobago","2014","Persons","1421131"
"Trinidad and Tobago","2015","Persons","1429188"
"Trinidad and Tobago","2016","Persons","1437026"
"Trinidad and Tobago","2017","Persons","1445261"
"Trinidad and Tobago","2018","Persons","1470518"
"Trinidad and Tobago","2019","Persons","1484894"
"Trinidad and Tobago","2020","Persons","1481024"
"Trinidad and Tobago","2021","Persons","1487717"
"Trinidad and Tobago","2022","Persons","1495921"
"Trinidad and Tobago","2023","Persons","1502932"
"Trinidad and Tobago","2024","Persons","1507782"
"Tunisia","2014","Persons","11274288"
"Tunisia","2015","Persons","11402264"
"Tunisia","2016","Persons","11528674"
"Tunisia","2017","Persons","11650498"
"Tunisia","2018","Persons","11765514"
"Tunisia","2019","Persons","11875081"
"Tunisia","2020","Persons","11974057"
"Tunisia","2021","Persons","12048622"
"Tunisia","2022","Persons","12119334"
"Tunisia","2023","Persons","12200431"
"Tunisia","2024","Persons","12277109"
"Turkmenistan","2014","Persons","6075283"
"Turkmenistan","2015","Persons","6215770"
"Turkmenistan","2016","Persons","6360041"
"Turkmenistan","2017","Persons","6507061"
"Turkmenistan","2018","Persons","6655524"
"Turkmenistan","2019","Persons","6803944"
"Turkmenistan","2020","Persons","6949912"
"Turkmenistan","2021","Persons","7092043"
"Turkmenistan","2022","Persons","7230193"
"Turkmenistan","2023","Persons","7364438"
"Turkmenistan","2024","Persons","7494498"
"Turks and Caicos Islands","2014","Persons","35050"
"Turks and Caicos Islands","2015","Persons","36605"
"Turks and Caicos Islands","2016","Persons","38315"
"Turks and Caicos Islands","2017","Persons","39913"
"Turks and Caicos Islands","2018","Persons","41559"
"Turks and Caicos Islands","2019","Persons","43166"
"Turks and Caicos Islands","2020","Persons","44386"
"Turks and Caicos Islands","2021","Persons","45243"
"Turks and Caicos Islands","2022","Persons","45847"
"Turks and Caicos Islands","2023","Persons","46198"
"Turks and Caicos Islands","2024","Persons","46535"
"Tuvalu","2014","Persons","10984"
"Tuvalu","2015","Persons","10963"
"Tuvalu","2016","Persons","10930"
"Tuvalu","2017","Persons","10869"
"Tuvalu","2018","Persons","10751"
"Tuvalu","2019","Persons","10581"
"Tuvalu","2020","Persons","10399"
"Tuvalu","2021","Persons","10194"
"Tuvalu","2022","Persons","9992"
"Tuvalu","2023","Persons","9816"
"Tuvalu","2024","Persons","9646"
"Türkiye","2014","Persons","78036154"
"Türkiye","2015","Persons","80014226"
"Türkiye","2016","Persons","81652088"
"Türkiye","2017","Persons","83083662"
"Türkiye","2018","Persons","84415969"
"Türkiye","2019","Persons","85357672"
"Türkiye","2020","Persons","86091692"
"Türkiye","2021","Persons","86686253"
"Türkiye","2022","Persons","87058473"
"Türkiye","2023","Persons","87270501"
"Türkiye","2024","Persons","87473805"
"Uganda","2014","Persons","36395539"
"Uganda","2015","Persons","37531446"
"Uganda","2016","Persons","38799152"
"Uganda","2017","Persons","40177388"
"Uganda","2018","Persons","41565831"
"Uganda","2019","Persons","42999637"
"Uganda","2020","Persons","44457152"
"Uganda","2021","Persons","45910930"
"Uganda","2022","Persons","47312719"
"Uganda","2023","Persons","48656601"
"Uganda","2024","Persons","50015092"
"Ukraine","2014","Persons","45972380"
"Ukraine","2015","Persons","45784896"
"Ukraine","2016","Persons","45616832"
"Ukraine","2017","Persons","45436041"
"Ukraine","2018","Persons","45208907"
"Ukraine","2019","Persons","44957458"
"Ukraine","2020","Persons","44680014"
"Ukraine","2021","Persons","44298640"
"Ukraine","2022","Persons","41048766"
"Ukraine","2023","Persons","37732836"
"Ukraine","2024","Persons","37860221"
"United Arab Emirates","2014","Persons","8236874"
"United Arab Emirates","2015","Persons","8674633"
"United Arab Emirates","2016","Persons","9030873"
"United Arab Emirates","2017","Persons","9234327"
"United Arab Emirates","2018","Persons","9346870"
"United Arab Emirates","2019","Persons","9377847"
"United Arab Emirates","2020","Persons","9448524"
"United Arab Emirates","2021","Persons","9789048"
"United Arab Emirates","2022","Persons","10242086"
"United Arab Emirates","2023","Persons","10642081"
"United Arab Emirates","2024","Persons","11027129"
"United Kingdom of Great Britain and Northern Ireland","2014","Persons","64865916"
"United Kingdom of Great Britain and Northern Ireland","2015","Persons","65382110"
"United Kingdom of Great Britain and Northern Ireland","2016","Persons","65893358"
"United Kingdom of Great Britain and Northern Ireland","2017","Persons","66354471"
"United Kingdom of Great Britain and Northern Ireland","2018","Persons","66752475"
"United Kingdom of Great Britain and Northern Ireland","2019","Persons","67110958"
"United Kingdom of Great Britain and Northern Ireland","2020","Persons","67351861"
"United Kingdom of Great Britain and Northern Ireland","2021","Persons","67668792"
"United Kingdom of Great Britain and Northern Ireland","2022","Persons","68179315"
"United Kingdom of Great Britain and Northern Ireland","2023","Persons","68682962"
"United Kingdom of Great Britain and Northern Ireland","2024","Persons","69138192"
"United Republic of Tanzania: Mainland","2014","Persons","48956822"
"United Republic of Tanzania: Mainland","2015","Persons","50579779"
"United Republic of Tanzania: Mainland","2016","Persons","52335977"
"United Republic of Tanzania: Mainland","2017","Persons","54118599"
"United Republic of Tanzania: Mainland","2018","Persons","55857296"
"United Republic of Tanzania: Mainland","2019","Persons","57549302"
"United Republic of Tanzania: Mainland","2020","Persons","59301200"
"United Republic of Tanzania: Mainland","2021","Persons","61112804"
"United Republic of Tanzania: Mainland","2022","Persons","62948832"
"United Republic of Tanzania: Mainland","2023","Persons","64810025"
"United Republic of Tanzania: Mainland","2024","Persons","66707987"
"United Republic of Tanzania: Zanzibar","2014","Persons","1394690"
"United Republic of Tanzania: Zanzibar","2015","Persons","1441183"
"United Republic of Tanzania: Zanzibar","2016","Persons","1488036"
"United Republic of Tanzania: Zanzibar","2017","Persons","1534291"
"United Republic of Tanzania: Zanzibar","2018","Persons","1579849"
"United Republic of Tanzania: Zanzibar","2019","Persons","1625589"
"United Republic of Tanzania: Zanzibar","2020","Persons","1671598"
"United Republic of Tanzania: Zanzibar","2021","Persons","1717608"
"United Republic of Tanzania: Zanzibar","2022","Persons","1762989"
"United Republic of Tanzania: Zanzibar","2023","Persons","1807581"
"United Republic of Tanzania: Zanzibar","2024","Persons","1852170"
"United States","2014","Persons","323115377"
"United States","2015","Persons","326126497"
"United States","2016","Persons","329179427"
"United States","2017","Persons","332204660"
"United States","2018","Persons","335056497"
"United States","2019","Persons","337790067"
"United States","2020","Persons","339436159"
"United States","2021","Persons","340161441"
"United States","2022","Persons","341534046"
"United States","2023","Persons","343477335"
"United States","2024","Persons","345426571"
"Uruguay","2014","Persons","3356334"
"Uruguay","2015","Persons","3368017"
"Uruguay","2016","Persons","3379283"
"Uruguay","2017","Persons","3388438"
"Uruguay","2018","Persons","3394534"
"Uruguay","2019","Persons","3397206"
"Uruguay","2020","Persons","3398968"
"Uruguay","2021","Persons","3396695"
"Uruguay","2022","Persons","3390913"
"Uruguay","2023","Persons","3388081"
"Uruguay","2024","Persons","3386588"
"Uzbekistan","2014","Persons","30222994"
"Uzbekistan","2015","Persons","30749346"
"Uzbekistan","2016","Persons","31284568"
"Uzbekistan","2017","Persons","31819178"
"Uzbekistan","2018","Persons","32373490"
"Uzbekistan","2019","Persons","32964701"
"Uzbekistan","2020","Persons","33586372"
"Uzbekistan","2021","Persons","34243696"
"Uzbekistan","2022","Persons","34938955"
"Uzbekistan","2023","Persons","35652307"
"Uzbekistan","2024","Persons","36361859"
"Vanuatu","2014","Persons","260240"
"Vanuatu","2015","Persons","266101"
"Vanuatu","2016","Persons","272087"
"Vanuatu","2017","Persons","278507"
"Vanuatu","2018","Persons","285259"
"Vanuatu","2019","Persons","291985"
"Vanuatu","2020","Persons","298858"
"Vanuatu","2021","Persons","305868"
"Vanuatu","2022","Persons","313046"
"Vanuatu","2023","Persons","320409"
"Vanuatu","2024","Persons","327777"
"Venezuela (Bolivarian Republic of)","2014","Persons","30254079"
"Venezuela (Bolivarian Republic of)","2015","Persons","30573972"
"Venezuela (Bolivarian Republic of)","2016","Persons","30765720"
"Venezuela (Bolivarian Republic of)","2017","Persons","30565323"
"Venezuela (Bolivarian Republic of)","2018","Persons","29807592"
"Venezuela (Bolivarian Republic of)","2019","Persons","28938098"
"Venezuela (Bolivarian Republic of)","2020","Persons","28444077"
"Venezuela (Bolivarian Republic of)","2021","Persons","28237826"
"Venezuela (Bolivarian Republic of)","2022","Persons","28213017"
"Venezuela (Bolivarian Republic of)","2023","Persons","28300854"
"Venezuela (Bolivarian Republic of)","2024","Persons","28405543"
"Viet Nam","2014","Persons","91679578"
"Viet Nam","2015","Persons","92823254"
"Viet Nam","2016","Persons","94000117"
"Viet Nam","2017","Persons","95176977"
"Viet Nam","2018","Persons","96237319"
"Viet Nam","2019","Persons","97173776"
"Viet Nam","2020","Persons","98079191"
"Viet Nam","2021","Persons","98935098"
"Viet Nam","2022","Persons","99680655"
"Viet Nam","2023","Persons","100352192"
"Viet Nam","2024","Persons","100987686"
"Yemen","2014","Persons","30226309"
"Yemen","2015","Persons","31159379"
"Yemen","2016","Persons","32109010"
"Yemen","2017","Persons","33090921"
"Yemen","2018","Persons","34085182"
"Yemen","2019","Persons","35111408"
"Yemen","2020","Persons","36134863"
"Yemen","2021","Persons","37140230"
"Yemen","2022","Persons","38222876"
"Yemen","2023","Persons","39390799"
"Yemen","2024","Persons","40583164"
"Zambia","2014","Persons","15895315"
"Zambia","2015","Persons","16399089"
"Zambia","2016","Persons","16914423"
"Zambia","2017","Persons","17441320"
"Zambia","2018","Persons","17973569"
"Zambia","2019","Persons","18513839"
"Zambia","2020","Persons","19059395"
"Zambia","2021","Persons","19603607"
"Zambia","2022","Persons","20152938"
"Zambia","2023","Persons","20723965"
"Zambia","2024","Persons","21314956"
"Zimbabwe","2014","Persons","14207359"
"Zimbabwe","2015","Persons","14399013"
"Zimbabwe","2016","Persons","14600294"
"Zimbabwe","2017","Persons","14812482"
"Zimbabwe","2018","Persons","15034452"
"Zimbabwe","2019","Persons","15271368"
"Zimbabwe","2020","Persons","15526888"
"Zimbabwe","2021","Persons","15797210"
"Zimbabwe","2022","Persons","16069056"
"Zimbabwe","2023","Persons","16340822"
"Zimbabwe","2024","Persons","16634373"